-- phpMyAdmin SQL Dump
-- version 4.8.3
-- https://www.phpmyadmin.net/
--
-- Host: 127.0.0.1
-- Generation Time: Apr 09, 2019 at 09:55 AM
-- Server version: 10.1.36-MariaDB
-- PHP Version: 7.2.11

SET SQL_MODE = "NO_AUTO_VALUE_ON_ZERO";
SET AUTOCOMMIT = 0;
START TRANSACTION;
SET time_zone = "+00:00";


/*!40101 SET @OLD_CHARACTER_SET_CLIENT=@@CHARACTER_SET_CLIENT */;
/*!40101 SET @OLD_CHARACTER_SET_RESULTS=@@CHARACTER_SET_RESULTS */;
/*!40101 SET @OLD_COLLATION_CONNECTION=@@COLLATION_CONNECTION */;
/*!40101 SET NAMES utf8mb4 */;

--
-- Database: `bdirectory`
--

-- --------------------------------------------------------

--
-- Table structure for table `advertise`
--

CREATE TABLE `advertise` (
  `id` int(10) UNSIGNED NOT NULL,
  `name` varchar(191) COLLATE utf8mb4_unicode_ci NOT NULL,
  `desc` varchar(191) COLLATE utf8mb4_unicode_ci NOT NULL,
  `image` varchar(191) COLLATE utf8mb4_unicode_ci NOT NULL,
  `created_at` timestamp NULL DEFAULT NULL,
  `updated_at` timestamp NULL DEFAULT NULL
) ENGINE=InnoDB DEFAULT CHARSET=utf8mb4 COLLATE=utf8mb4_unicode_ci;

-- --------------------------------------------------------

--
-- Table structure for table `business`
--

CREATE TABLE `business` (
  `id` int(10) UNSIGNED NOT NULL,
  `title` varchar(191) COLLATE utf8mb4_unicode_ci NOT NULL,
  `description` blob NOT NULL,
  `address` varchar(191) COLLATE utf8mb4_unicode_ci NOT NULL,
  `lat` varchar(191) COLLATE utf8mb4_unicode_ci DEFAULT NULL,
  `lng` varchar(191) COLLATE utf8mb4_unicode_ci DEFAULT NULL,
  `phone` varchar(191) COLLATE utf8mb4_unicode_ci NOT NULL,
  `email` varchar(191) COLLATE utf8mb4_unicode_ci DEFAULT NULL,
  `fax` varchar(191) COLLATE utf8mb4_unicode_ci DEFAULT NULL,
  `url` varchar(255) COLLATE utf8mb4_unicode_ci DEFAULT NULL,
  `img` varchar(191) COLLATE utf8mb4_unicode_ci DEFAULT NULL,
  `video` varchar(255) COLLATE utf8mb4_unicode_ci DEFAULT NULL,
  `ad_img` varchar(255) COLLATE utf8mb4_unicode_ci DEFAULT 'uploads/business/ad.png',
  `rate` int(255) NOT NULL DEFAULT '5',
  `facebook` varchar(255) COLLATE utf8mb4_unicode_ci DEFAULT NULL,
  `twitter` varchar(255) COLLATE utf8mb4_unicode_ci DEFAULT NULL,
  `instagram` varchar(255) COLLATE utf8mb4_unicode_ci DEFAULT NULL,
  `business_id` varchar(191) COLLATE utf8mb4_unicode_ci NOT NULL,
  `category_id` varchar(191) COLLATE utf8mb4_unicode_ci NOT NULL,
  `hour_id` varchar(255) COLLATE utf8mb4_unicode_ci NOT NULL,
  `time` varchar(255) COLLATE utf8mb4_unicode_ci DEFAULT NULL,
  `created_at` timestamp NULL DEFAULT NULL,
  `updated_at` timestamp NULL DEFAULT NULL,
  `slug` text COLLATE utf8mb4_unicode_ci NOT NULL
) ENGINE=InnoDB DEFAULT CHARSET=utf8mb4 COLLATE=utf8mb4_unicode_ci;

--
-- Dumping data for table `business`
--

INSERT INTO `business` (`id`, `title`, `description`, `address`, `lat`, `lng`, `phone`, `email`, `fax`, `url`, `img`, `video`, `ad_img`, `rate`, `facebook`, `twitter`, `instagram`, `business_id`, `category_id`, `hour_id`, `time`, `created_at`, `updated_at`, `slug`) VALUES
(6, 'The Sundre Hotel', 0x5468652053756e64726520486f74656c2068617320612052657374617572616e742c2044696e696e67204c6f756e676520616e6420612054617665726e2e20436f6d6520706c61792074686520564c54277320696e207468652054617665726e2e2057652072656e7420726f6f6d73206e696768746c79206f72206d6f6e74686c792e, '102 Center Street', '51.79693158388492', '-114.63953375816345', '(403) 638-3040', NULL, NULL, NULL, 'uploads/business/The Sundre Hotel-Logo.jpg', NULL, 'uploads/business/Sundre Hotel - Ad.jpg', 5, 'LacombeFord', 'TwitterDev', 'JKT48 ', '2', ':1:3:8:16', ':11', '24 hours a day/7 days a week', '2018-11-16 07:11:58', '2018-11-16 07:11:58', 'the-sundre-hotel'),
(12, 'Mountain View Inn & Suites', 0x456e6a6f79206120636f6d706c696d656e7461727920627265616b666173742e20457665727920726f6f6d206861732061206d6963726f7761766520616e64206672696467652e2046726565204869676820537065656420496e7465726e657420416363636573732e20427573696e6573732043656e74657220616e64204d656574696e6720726f6f6d732e20536166657479204465706f7369746520626f7865732e2046726565207061726b696e672e2042657374205765737465726e2069732074686520686f737420686f74656c20666f722053756e64726520476f6c6620436f757273652e, '706 Main Ave E Sundre, AB T0M 1X0', '51.795544794513525', '-114.62840795516968', '(403) 638-0002', NULL, NULL, 'https://www.mvisundre.com', 'uploads/business/Mountainview Inn logo-jpeg.jpg', NULL, 'uploads/business/Best Western_Ad.jpg', 5, NULL, NULL, NULL, '2', ':16:23:22:1:3', ':11', '24/7', '2018-12-11 11:46:07', '2018-12-11 11:46:07', 'mountain-view-inn-suites'),
(13, 'Muzychka & Company', 0x4368617274657265642050726f66657373696f6e616c204163636f756e74616e7473, '#2, 4513 52 Av Olds, AB T4H 1M8', '51.799512954909524', '-114.11338960978094', '403 556 6991', NULL, '(403) 556-6092', NULL, 'uploads/business/Muzychka logo.jpg', NULL, 'uploads/business/Muzychka-Ad_jpeg.jpg', 5, NULL, NULL, NULL, '2', ':17', ':11', 'Call or Come into make an Appointment', '2018-12-11 22:57:53', '2018-12-11 22:57:53', 'muzychka-company'),
(14, 'Bentley\'s Antiques & Collectibles', 0x41742042656e746c6579277320416e746971756573202620436f6c6c65637469626c6573206f75722070617373696f6e206973206372656174696e6720612073706163652077686572652074686520747265617375726564206d656d6f72696573206f66207965737465722d7965617220636f6d6520616c6976652e2057652061726520636f6c6c6563746f727320616e642043757261746f7273206f6620416e746971756520746f20436f6c6c65637469626c652c2077652061646d69726520616e64206c6561726e2061626f7574206f757220636f6c6c656374696f6e7320616e64207468656e2070617373207468656d206f6e20746f2062652061646d6972656420616e6420636f6c6c656374656420627920796f75206f757220637573746f6d6572732e2042656e746c6579277320416e746971756573202620436f6c6c65637469626c657320776f756c64206170707265636961746520746865206f70706f7274756e69747920746f2068656c702063726561746520796f7572206f776e20636f726e6572206f6620747265617375726564206d656d6f726965732e, '4, 102 Centre St N Sundre, AB T0M 1X0', '51.797468121619836', '-114.63959015196656', '403 836 0761', 'sales@bentleysantiques.com', NULL, 'www.bentleysantiques.com', 'uploads/business/Bentley\'s Antiques_Logo.jpg', NULL, 'uploads/business/Bentley\'s Antiques Ad.jpg', 5, NULL, NULL, NULL, '2', ':19', ':11', 'Thursday & Friday 10:00am - 5:00pm \r\nSaturday 10:00am - 5:00pm\r\n Sunday closed', '2018-12-12 07:25:00', '2018-12-12 07:25:00', 'bentleys-antiques-collectibles'),
(15, 'Willow Rock Denture Clinic', 0x426f6f6b20796f7572204170706f696e746d656e74204f6e6c696e65206f722043616c6c206e6f772120436f6d706c65746520616e64205061727469616c2044656e74757265732e20496d706c616e747320737570706f727465642064656e74757265732e2053616d6520646179207265706169727320616e642072656c696e65732e204469726563742062696c6c696e6720746f20416c626572746120426c75652043726f73732c204144534320616e642053656e696f72732062656e6566697473, 'Bay 4, 306 Main Ave Sundre, AB T0M 1X0', '51.797511599820105', '-114.64350110587213', '(403) 638-2880', 'willowrockdenture@gmail.com', NULL, NULL, 'uploads/business/Willow Rock_logo png.png', NULL, 'uploads/business/Willow Rock Denture Clinic-Ad_jpeg_cropped.jpg', 5, 'https://www.facebook.com/Sundre-Denture-Clinic-151209175075107/', NULL, NULL, '2', ':24', ':11', 'Monday - Tuesday 9:00am - 4:30pm\r\nWednesday - Thursday 9:00am - 4:00pm', '2018-12-18 10:36:12', '2018-12-18 10:36:12', 'willow-rock-denture-clinic'),
(16, 'Muzychka  & Company', 0x4368617274657265642050726f66657373696f6e616c204163636f756e74616e7473, '#6, 117 Centre St S, Sundre AB T0M 1X0', '51.79604913885158', '-114.63880735599991', '(403) 638-3629', NULL, '(403) 638-9803', NULL, 'uploads/business/Muzychka logo.jpg', NULL, 'uploads/business/Muzychka-Ad_jpeg.jpg', 5, NULL, NULL, NULL, '2', ':17', ':11', 'Call or come into make an Appointment', '2019-01-01 07:41:34', '2019-01-01 07:41:34', 'muzychka-company'),
(17, 'To The Poynt Accounting Inc.', 0x44656220506f796e74657220504241, '5007 - 49 Ave Olds, AB T4H 1W9', '51.79220623154106', '-114.10339325903044', '(403) 556-1667', 'poynterdeb@gmail.com', NULL, NULL, 'uploads/business/To the Poynt Accounting-logo.jpg', NULL, 'uploads/business/To The Poynt_Ad.jpg', 5, NULL, NULL, NULL, '2', ':17', ':11', 'Mon-Friday 8:30am - 4:30pm', '2019-01-09 13:01:12', '2019-01-09 13:01:12', 'to-the-poynt-accounting-inc'),
(18, 'Caroline Gateway Motel', 0x496e636c7564657320576972656c65737320496e7465726e65742c204d6963726f77617665732c20467269646765732026204b69746368656e65747465732e, 'Caroline', '52.093612', '-114.740171', '(403) 722-3322', NULL, '(403) 722-3266', NULL, 'uploads/business/Caroline Gateway Motel_logo.jpg', NULL, 'uploads/business/Caroline Gateway Motel_Ad.jpg', 5, NULL, NULL, NULL, '2', ':16:1:3', ':11', '24/7', '2019-01-10 08:36:58', '2019-01-10 08:36:58', 'caroline-gateway-motel'),
(19, 'Spruce View Motel', 0x486f7374656420627920746865204d796572732046616d696c792e20496e636c756465732061697220636f6e646974696f6e696e672c20736174656c6c6974652074762c206b69746368656e657474657320262057694669, '19th St & HWY 54', '52.086191', '-114.308648', '403-728-3381', 'info@spruceviewmotel.ca', NULL, NULL, 'uploads/business/spruce view motel-logo.jpg', NULL, 'uploads/business/Spruce View Motel-Ad.JPG', 5, NULL, NULL, NULL, '2', ':16:1:3', ':11', '24/7', '2019-01-10 08:48:59', '2019-01-10 08:48:59', 'spruce-view-motel'),
(20, 'Sun Plaza Motel', 0x4f6c642066617368696f6e656420617420686f6d652061746d6f7370686572652e2046656174757265733a20646f75626c65732c2061706172746d656e7420756e6974732c206b69746368656e65747465732c20736174656c6c6974652074762c207765656b6c792072617465732c2065636f6e6f6d792072617465732c20776972656c65737320696e7465726e65742c20736d6f6b696e672026206e6f6e2d736d6f6b696e6720726f6f6d732e, '506 Main Ave, West Sundre', '51.796082', '-114.646558', '1-888-638-3516', NULL, '403-638-4759', NULL, 'uploads/business/Sun Plaza Motel-Logo.jpg', NULL, 'uploads/business/Sun Plaza Motel_Ad.jpg', 5, NULL, NULL, NULL, '2', ':16', ':11', '24/7', '2019-01-10 08:56:38', '2019-01-10 08:56:38', 'sun-plaza-motel'),
(21, 'Sandra Dempsey-Koch', 0x4350412c20434d412c2043412e2050726f66657373696f6e616c20436f727065726174696f6e2c20436861727465726564204163636f756e74616e742e, 'Bay 6, 117 Centre Street South, Sundre, Alberta', '51.796545', '-114.639337', '403-638-0060', NULL, '403-638-9083', NULL, 'uploads/business/Sandra Dempsey-Koch-Logo.jpg', NULL, 'uploads/business/Sandra Dempsey-Koch_Ad.jpg', 5, NULL, NULL, NULL, '2', ':17', ':11', 'Call for an Appointment', '2019-01-10 09:08:03', '2019-01-10 09:08:03', 'sandra-dempsey-koch'),
(22, 'Gold Leaf Professional Services Inc.', 0x536572766963657320696e636c7564653a20426f6f6b6b656570696e672c206c6567616c20666f726d732c206e6f74617279207075626c69632c20746178207072657065726174696f6e2c20736563726574617269616c2c20666f726d73207072696e74696e67, '5135-51 St, Caroline, Alberta', '52.095835', '-114.741473', '403-722-3404', NULL, '403-722-2288', NULL, 'uploads/business/Gold Leaf Professional_logo.JPG', NULL, 'uploads/business/Gold Leaf Professional_Ad.JPG', 5, NULL, NULL, NULL, '2', ':17', ':11', 'Call for an Appointment', '2019-01-10 09:12:58', '2019-01-10 09:12:58', 'gold-leaf-professional-services-inc'),
(24, 'Patkar Quality Used Vehicles', 0x57686572652070726f6d69736573206172652064656c697665726564, '601 Main Ave E, Sundre, AB', '51.794770', '-114.630118', '403-638-1904   403-638-9404', NULL, NULL, 'www.patkar.ca', 'uploads/business/PatKar_Logo.jpg', NULL, 'uploads/business/PatKar_Ad.jpg', 5, NULL, NULL, NULL, '2', ':27', ':11', 'Monday to Friday: 9:00am - 5:00pm\r\nSaturday: By Appointment\r\nSunday: Closed', '2019-01-10 09:27:14', '2019-01-10 09:27:14', 'patkar-quality-used-vehicles'),
(25, 'Perry Appraisal Associates Ltd.', 0x5265616c2045737461746520417070726169736572732c2073657276696e6720416c626572746120666f72203330207965617273, '4801 - 49 Ave Olds, Alberta', '51.793256', '-114.102528', '403-556-7277', 'admin@perryapp.ca', '403-556-3130', 'www.perryapp.ca', 'uploads/business/Perry Appraisal_Logo.jpg', NULL, 'uploads/business/Perry Appraisal_Ad.jpg', 5, NULL, NULL, NULL, '2', ':21', ':11', 'Monday - Friday', '2019-01-10 09:35:36', '2019-01-10 09:35:36', 'perry-appraisal-associates-ltd'),
(26, 'Paint By Number', 0x436f6d706c65746520636f6c6c6973696f6e20726570616972202620726566696e697368696e67206f6e20616c6c206d616b657320616e64206d6f64656c732e, '32238 HWY 760 South of Sundre', '51.755059', '-114.639332', '403-638-5360', 'pbnsundre@outlook.com', NULL, NULL, 'uploads/business/Paint by Number-logo.jpg', NULL, 'uploads/business/Paint by Number_Ad.jpg', 5, NULL, NULL, NULL, '2', ':28', ':11', 'Monday to Friday 8:00am - 5:00pm', '2019-01-10 09:39:49', '2019-01-10 09:39:49', 'paint-by-number'),
(27, 'Sundre Auto Body', 0x466f7220616c6c20796f757220636f6c6c6973696f6e2072657061697273202620696e737572616e636520636c61696d73, '142 - 6 St, Sundre, Alberta', '51.791068', '-114.629487', '403-638-2886', 'sundreautobody@telus.net', NULL, NULL, 'uploads/business/Sundre Auto Body-logo.jpg', NULL, 'uploads/business/Sundre Autobody_Ad.jpg', 5, NULL, NULL, NULL, '2', ':28', ':11', 'Monday to Friday 8:00am - 5:00pm', '2019-01-10 09:44:28', '2019-01-10 09:44:28', 'sundre-auto-body'),
(28, 'Special Affects Auto Body Inc.', 0x5370656369616c6973696e6720696e20726573746f726174696f6e2c20696e737572616e636520636c61696d732c20637573746f6d207061696e74696e672c206d6f746f726379636c65732c20666962657220676c6173732072657061697220262067726170686963732e2053657276696e6720416c626572746120666f722032392079656172732e2e, 'Box 492, Caroline, Alberta', '52.093597', '-114.733885', '403-722-4128', NULL, '403-722-4138', NULL, 'uploads/business/Special Affects-logo.jpg', NULL, 'uploads/business/Special Affects_Ad Blk_Wht.jpg', 5, NULL, NULL, NULL, '2', ':28', ':11', 'Monday 9:00am - 5:30pm\r\nTuesday Closed\r\nWed to Fri 9:00am - 5:30pm\r\nSaturday 9:00am - Noon\r\nSunday Closed', '2019-01-10 09:48:42', '2019-01-10 09:48:42', 'special-affects-auto-body-inc'),
(29, 'Auto Parts Plus', 0x5765207370656369616c697a6520696e3a204272616e64206e616d65206175746f6d6f7469766520706172747320616e64206163636573736f726965733b20746f6f6c732c206c6967687420696e647573747269616c2026206661726d3b204761746573206879647261756c69632066697474696e67732c20686f73657320262062656c74732c205765206d616b6520616e6420726570616972206879647261756c696320686f7365733b204d61676e61636861726765206261747465726965733b204d6f6f6720636861736973202d207175616c6974792073757370656e73696f6e2070617274732e, '6201-46 St, Olds, Alberta', '51.794097', '-114.125130', '403-556-6911', NULL, NULL, NULL, 'uploads/business/Auto Parts Plus-logo.jpg', NULL, 'uploads/business/Auto Parts Plus-Ad.jpg', 5, NULL, NULL, NULL, '2', ':30', ':11', 'Mon-Fri 7:30am - 5:30pm\r\nSat 9am to 4pm', '2019-01-10 09:54:15', '2019-01-10 09:54:15', 'auto-parts-plus'),
(30, 'Bumper to Bumper', 0x5765207370656369616c697a6520696e3a206175746f6d6f746976652c206c696768742064757479202620686561767920647574792070617274732c20737570706c6965732c20746f6f6c7320616e6420736f206d756368206d6f72652e2e2e, 'HWY 27 & Airport Rd, Sundre, Alberta', '51.794426', '-114.686453', '403-638-2262', NULL, NULL, 'www.22west.ca', 'uploads/business/Bumper to Bumper-logo.jpg', NULL, 'uploads/business/Bumper to Bumper-Ad.jpg', 5, NULL, NULL, NULL, '2', ':30', ':11', 'Monday -Saturday 8:00am - 6:00pm', '2019-01-10 09:58:19', '2019-01-10 09:58:19', 'bumper-to-bumper'),
(31, 'High Country Truck Accessories', 0x416e797468696e6720796f757220747275636b206e656564733a206865616461636865207261636b732c2062757368206775617264732c20626f78206c696e6572732c20746f6f6c20626f7865732c20627567206465666c6563746f72732c206d756420666c6170732c206e65726620626172732c2077696e7465722066726f6e747320262072756e6e696e6720626f617264732e, '801 Main Ave, Sundre, Alberta', '51.793942', '-114.657075', '403-638-3244', NULL, '403-638-3416', NULL, 'uploads/business/High Country Truck Accessories-logo.jpg', NULL, 'uploads/business/High Country Truck Accessories-Ad.jpg', 5, NULL, NULL, NULL, '2', ':30', ':11', 'Mon - Fri: 8:30am - 5:30pm\r\nSaturday: 9:00am - 4:00pm', '2019-01-10 10:02:31', '2019-01-10 10:02:31', 'high-country-truck-accessories'),
(32, 'IHS Automotive', 0x57652073656c6c2072656d6f74652073746172746572732c2068697463686573202620776972696e672c2061667465726d61726b6574206163636573736f726965732c20686561746564207365617473202620617564696f2f766964656f2e, '4820 - 50 Ave, Olds, Alberta', '51.793140', '-114.105002', '403-507-8858', NULL, NULL, 'www.ihsauto.ca', 'uploads/business/IHS Auto-logo.jpg', NULL, 'uploads/business/IHS Auto-Ad.jpg', 5, NULL, NULL, NULL, '2', ':30', ':11', 'Monday to Friday: 9:00am - 5:00pm', '2019-01-10 10:05:57', '2019-01-10 10:05:57', 'ihs-automotive'),
(33, 'RPM Automotive Sundre (1983) Ltd.', 0x5765207370656369616c697a6520696e206175746f6d6f746976652c206167726963756c746572616c202620696e647573747269616c2070617274732c20616972206c6971756964652c204b656966657220747261696c65722073616c65732026206879647261756c696320686f7365732f66697474696e67732e, '310 Main Ave. West, Sundre, Alberta', '51.796841', '-114.643377', '403-638-4525  1-888-638-4525', 'rpmauto@tleus.net', '403-638-3011', NULL, 'uploads/business/RPM Automotive-logo.jpg', NULL, 'uploads/business/RPM Automotive-Ad.jpg', 5, NULL, NULL, NULL, '2', ':30', ':11', 'Monday to Friday: 7:00am - 6:00pm\r\nSaturday: 8:00am - 5:00pm', '2019-01-12 00:41:59', '2019-01-12 00:41:59', 'rpm-automotive-sundre-1983-ltd'),
(34, 'Napa Olds', 0x576520636172727920646f6d6573746963202620696d706f72747320706172747320616e6420746f6f6c73, '6102 - 46 St Olds, Alberta', '51.795840', '-114.124810', '403-556-3386', NULL, NULL, 'www.napacanada.com', 'uploads/business/Napa Auto Parts -logo.jpg', NULL, 'uploads/business/Napa Auto Parts Olds-Ad.jpg', 5, NULL, NULL, NULL, '2', ':30', ':11', 'Monday to Friday: 7:30am - 5:30pm\r\nSaturday: 8:00am - 3:00pm', '2019-01-12 00:44:40', '2019-01-12 00:44:40', 'napa-olds'),
(35, 'Integra Tire', 0x323420486f757273, '833 Main Ave West, Sundre, Alberta', '51.794065', '-114.660520', '403-638-3923', NULL, NULL, 'https://integratire.com/integra-tire-auto-centre-sundre', 'uploads/business/Integra Tire-logo.jpg', NULL, 'uploads/business/IntegraTire-Anderson-Ad.jpg', 5, NULL, NULL, NULL, '2', ':31', ':11', 'Monday to Friday: 8:00am - 5:30pm\r\nSaturday: 8:00am - 2:00pm', '2019-01-12 00:52:23', '2019-01-12 00:52:23', 'integra-tire'),
(36, 'Dirk\'s Auto & Marine', 0x476f6f64206f6c642066617368696f6e656420686f6e657374206175746f6d6f746976652026206d6172696e65207365727669636520616e642072657061697220776974682063657274696669656420746563686e696369616e732e, 'Bay 1, 744 Main Ave West, Sundre, Alberta', '51.794517', '-114.656173', '403-638-4906', NULL, NULL, NULL, 'uploads/business/Dirk\'s Auto & Marine-logo.jpg', NULL, 'uploads/business/Dirk\'s Auto & Marine-Ad.jpg', 5, NULL, NULL, NULL, '2', ':31', ':11', 'Monday to Thursday: 8:00am - 5:00pm\r\nFriday: 8:00am - 4:00pm', '2019-01-12 00:55:44', '2019-01-12 00:55:44', 'dirks-auto-marine'),
(37, 'Sawatzky\'s Auto Repair', 0x486f6e6573742c2072656c6961626c65202620657870657269656e6365642e205765207370656369616c697a6520696e206c6967687420747275636b732026206175746f2c20616c6c206d616b6573206f6c6420616e64206e65772c2064696573656c2c2067617320262067656e657261746f72207265706169722c20616c69676e6d656e74732c206f7574206f662070726f76696e636520696e7370656374696f6e732e, '15 Imperial Close, Olds, Alberta', '51.796786', '-114.129112', '403-507-2292', NULL, NULL, NULL, 'uploads/business/Sawatzky\'s Auto Repair-logo.jpg', NULL, 'uploads/business/Sawatzky\'s Auto Repair - Ad.jpg', 5, NULL, NULL, NULL, '2', ':31', ':11', 'Monday to Friday 8:00am - 5:30pm', '2019-01-12 00:59:20', '2019-01-12 00:59:20', 'sawatzkys-auto-repair'),
(38, 'Fountain Tire', 0x4f757220736572766963657320696e636c7564653a2070617373656e67657220746972652073657276696365732c204f54522c20696e647573747269616c2026206661726d2c20636f6d6d65726369616c2072657472656164696e672c206d6f62696c6520746972652073657276696365732c20747261696c6572206d61696e74656e616e63652c20323420686f757220746972652073657276696365732c206e6174696f6e776964652077617272616e74792c20616c6c206d616a6f7220666c65657420736572766963652063617264732c204356495020262070726f76696e6369616c20496e7370656374696f6e732c2077617272616e747920617070726f7665642c20776865656c20616c69676e6d656e74732c206d7566666c657220616e6420657868617573742c2073686f636b7320616e642073757370656e73696f6e732c2062617474657269657320616e6420656c656374726963616c2c206163636573736f7269657320616e64206c69676874696e672c2061697220636f6e646974696f6e696e672c207472616e736d697373696f6e20736572766963652c20696e737572616e636520696e7370656374696f6e732e, '1105 Main Ave East, Sundre, Alberta', '51.794513', '-114.620872', '403-638-2535', NULL, NULL, NULL, 'uploads/business/Fountain Tire-logo.jpg', NULL, 'uploads/business/Fountain Tire-Ad.jpg', 5, NULL, NULL, NULL, '2', ':31', ':11', 'Mon-Fri 8:00am - 5:00pm\r\nSaturday 8:00am - 1:00pm\r\n24 hr Service', '2019-01-12 01:24:29', '2019-01-12 01:24:29', 'fountain-tire'),
(39, 'Fountian Tire', 0x4f757220736572766963657320696e636c7564653a2070617373656e67657220746972652073657276696365732c204f54522c20696e647573747269616c2026206661726d2c20636f6d6d65726369616c2072657472656164696e672c206d6f62696c6520746972652073657276696365732c20747261696c6572206d61696e74656e616e63652c20323420686f757220746972652073657276696365732c206e6174696f6e776964652077617272616e74792c20616c6c206d616a6f7220666c65657420736572766963652063617264732c204356495020262070726f76696e6369616c20496e7370656374696f6e732c2077617272616e747920617070726f7665642c20776865656c20616c69676e6d656e74732c206d7566666c657220616e6420657868617573742c2073686f636b7320616e642073757370656e73696f6e732c2062617474657269657320616e6420656c656374726963616c2c206163636573736f7269657320616e64206c69676874696e672c2061697220636f6e646974696f6e696e672c207472616e736d697373696f6e20736572766963652c20696e737572616e636520696e7370656374696f6e732e, '6210-46 St. Olds, Alberta', '51.795740', '-114.127167', '403-556-8805', NULL, NULL, NULL, 'uploads/business/Fountain Tire-logo.jpg', NULL, 'uploads/business/Fountain Tire-Ad.jpg', 5, NULL, NULL, NULL, '2', ':31', ':11', 'Mon-Fri 8:00am - 5:30pm\r\nSaturday 8:00am - 12:00pm\r\n24 hr Service', '2019-01-12 01:26:51', '2019-01-12 01:26:51', 'fountian-tire'),
(40, 'Jeftec Auto Service Inc.', 0x57652061726520796f7572206f6e652073746f70206175746f6d6f74697665207265706169722073686f702e20416c6c206175746f20726570616972732026206d61696e74656e616e63652c20616c6c206d616b657320616e64206d6f64656c732c2064696573656c207370656369616c6973742e, '1-605 Main Ave East, Sundre, Alberta', '51.794716', '-114.629963', '403-638-2222', 'jeftecauto@gmail.com', NULL, 'www.jeftec.ca', 'uploads/business/Jeftec - Logo.jpg', NULL, 'uploads/business/Jeftec - Ad.jpg', 5, NULL, NULL, NULL, '2', ':31', ':11', 'Monday to Friday 8:00am - 5:00pm', '2019-01-12 01:51:15', '2019-01-12 01:51:15', 'jeftec-auto-service-inc'),
(41, 'Price 4x4 & Customs', 0x5765207370656369616c697a6520696e3a2064696573656c20706572666f726d616e63652c206661627269636174696f6e2c20686f74726f64732c207265736f74726174696f6e732c20466f726420362e304c207265706169727320616e642075706772616465732c20726570616972732c20706572666f726d616e63652c20637573746f6d697a696e672c206c696674206b6974732c20637573746f6d2065786861757374202620626f78206c696e6572732e, '130 - 5 St SE, Sundre, Alberta', '51.793159', '-114.630142', '403-638-5098', NULL, NULL, 'www.truckcustomizinginsundreab.ca', 'uploads/business/Price 4X4 and Customs - Logo.jpg', NULL, 'uploads/business/nopic.jpg', 5, NULL, NULL, NULL, '2', ':31', ':11', 'Monday to Friday: 8:30am - 6:00pm', '2019-01-12 02:25:57', '2019-01-12 02:25:57', 'price-4x4-customs'),
(42, 'The Tire Shop (Olds) Ltd.', 0x5370656369616c697a6520696e3a20636f6d706c65746520746972652026206d656368616e6963616c2073657276696365732e20576520617265206d6f62696c6520616e642068617665206f6e206661726d2073657276696365732e20416c776179732067756172616e74696e67206f66666572696e67206661737420616e6420667269656e646c7920736572766963652c20506f756420746f202062652063656c6562726174696e67206f766572203430207965617273206f662073657276696e67204f6c647320616e6420617265612e, '5903 Imperial Way, Olds, Alberta', '51.796628', '-114.124053', '403-556-7660', NULL, '403-507-2277', 'https://www.thetireshopolds.ca', 'uploads/business/The Tire Shop - Logo.jpg', NULL, 'uploads/business/The Tire Shop - Ad.jpg', 5, NULL, NULL, NULL, '2', ':31', ':11', 'Monday to Friday: 8:00am - 5:00pm\r\nSaturday: 8:00am - Noon', '2019-01-12 02:30:32', '2019-01-12 02:30:32', 'the-tire-shop-olds-ltd'),
(43, 'Timeless Interiors', 0x5765207370656369616c697a6520696e3a20626c696e64732c207368616465732c2073687574746572732c20637573746f6d206472617065726972657320616e642064657369676e20636f6e73756c6174696f6e732e2057652061726520612063657274696669656420696e7374616c6c657220616e642070726f76696465206672656520657374696d617465732e, 'Sundre, Alberta', '51.796497', '-114.639802', '403-638-3412', NULL, NULL, NULL, 'uploads/business/Timeless Interiors - Logo.jpg', NULL, 'uploads/business/Timeless Interiors - Ad.jpg', 5, NULL, NULL, NULL, '2', ':33', ':11', 'Call', '2019-01-12 04:10:42', '2019-01-12 04:10:42', 'timeless-interiors'),
(44, 'Sanctum Retreat', 0x43616c6c20757320666f722064657461696c732e, 'Caroline', '52.093762', '-114.739824', '403-722-3101 or 1-888-442-0285', 'info@sanctumretreat.ca', NULL, 'www.sanctumretreat.ca', 'uploads/business/Sanctum Retreat logo.JPG', NULL, 'uploads/business/Sanctum Retreat Ad.JPG', 5, NULL, NULL, NULL, '2', ':36:37', ':11', 'Call', '2019-01-12 04:14:02', '2019-01-12 04:14:02', 'sanctum-retreat'),
(45, 'OutWest Truck, RV & Car Wash', 0x5765206861766520547275636b2c205256202620436172205761736865732e204f75722073656c6620736572766520626179732068617665206772656174206c696768742c20736f61702c20686f742077617465722c20707265737375726520616e6420612073706f7420667265652072657665727365206f736d6f7369732077617465722072696e736520746861742077696c6c206c6561766520796f7520612073706f742066726565207368696e652e20436f6d6520696e20616e6420636865636b206f7574206f75722073746f72652c2063617220737570706c6965732067616c6f72652e20436c65616e696e672c2064657461696c696e672c207769706572732c20686561646c69676874732c206c7562726963616e74732c2044454620666c7569642c2062617474657269657320616e64206d6f72652e, '103 - 7 St SW, Sundre, Alberta', '51.792708', '-114.655453', '(403) 638-9216', NULL, NULL, 'http://outwestwash.ca/', 'uploads/business/Outwest New Logo.JPG', NULL, 'uploads/business/nopic.jpg', 5, NULL, NULL, NULL, '2', ':38', ':11', 'OPEN 7 days a week – 7AM (Sundays 8am) \r\nuntil 8pm (Fridays 9pm)', '2019-01-12 04:20:21', '2019-01-12 04:20:21', 'outwest-truck-rv-car-wash'),
(46, 'sundre Car & Truck Wash', 0x57652068617665203320726567756c617220626179732c203120747275636b206261792c20746f7563682066726565206261797320262064657461696c696e672073657276696365732e, '412 Main Ave West, Sundre, Alberta', '51.796481', '-114.645326', '403-638-2711', NULL, NULL, NULL, 'uploads/business/Sundre Car & Truck Wash.jpg', NULL, 'uploads/business/nopic.jpg', 5, NULL, NULL, NULL, '2', ':38', ':11', 'Monday - Saturday 8:00am - 8:00pm\r\nSunday & Holidays 9:00am - 6:00pm', '2019-01-12 04:34:21', '2019-01-12 04:34:21', 'sundre-car-truck-wash'),
(47, 'Ideal Floor Care & Restoration Ltd.', 0x576520636c65616e20636172706574732c20636f6e63726574652c2074696c6520262067726f75742c2056435420666c6f6f72732c20627269636b2c2067617261676520666c6f6f727320616e64206d6f726521, 'Sundre', '51.795012', '-114.591332', '403-638-7493', NULL, NULL, NULL, 'uploads/business/Ideal Floor Care - Logo.jpg', NULL, 'uploads/business/Ideal Floor Care - Ad.jpg', 5, NULL, NULL, NULL, '2', ':39', ':11', 'Call', '2019-01-12 04:44:50', '2019-01-12 04:44:50', 'ideal-floor-care-restoration-ltd'),
(48, 'Kodiak BBQ Catering & Deli', 0x5468652065717569706d656e74207573656420746f207072657061726520746865206262712074617374652074726561742069732065787472616f7264696e6172792e20204b6f6469616b2062726f7567687420696e2074776f2032322d666f6f742020736d6f6b6572732066726f6d20486f7573746f6e2c2054657861732e2054686520706172746e65727320757365204170706c6520776f6f6420746f206372656174652074686520e2809c72656a6f6963696e67e2809d206c69707320746865792070726f6d6973652e205468657920616c736f206861766520612077686f6c6520686f6720726f74697373657269652e20496d6167696e65207468652064656c69676874206f6620796f757220667269656e647320616e642066616d696c79207761746368696e6720746869732070726f636573732061732064696e6e65722069732070726570617265642e20416e6420736d6f6b696e6720697320616c6c20646f6e65206e61747572616c6c792e205468652070726f6365737320697320676976656e2074686520686f757273206974206e6565647320746f206275696c642074686520666c61766f757273207468617420637573746f6d657273206c6f76652e20546865726520617265206e6f206368656d6963616c73207573656420746f2073686f7274656e207468652070726f636573732e, '557 Main Ave W, Sundre, Alberta', '51.79553815905519', '-114.64637875556946', 'Deli: 403-638-8068 Tom: 403-638-7321', NULL, NULL, 'http://kodiakbbq.ca', 'uploads/business/Kodiak BBQ - Logo.jpg', NULL, 'uploads/business/Kodiak BBQ - Ad.jpg', 5, NULL, NULL, NULL, '2', ':40', ':11', 'Call to book your Event', '2019-01-12 04:49:21', '2019-01-12 04:49:21', 'kodiak-bbq-catering-deli'),
(49, 'Original T\'s Family Restaurant', 0x426f6f6b207769746820757320746f20636174657220796f75722077656464696e67206f72207370656369616c206576656e742e2046756c6c79206c6963656e7365642e, '401 Main Ave West, Sundre, Alberta', '51.7962547829169', '-114.6437931060791', '403-638-2235', 'info@originalt.ca', NULL, 'https://www.originalt.ca/menu', 'uploads/business/Original T\'s - Logo.jpg', NULL, 'uploads/business/Original T\'s - Ad.jpg', 5, NULL, NULL, NULL, '2', ':40:109', ':11', 'Call to book for your Event', '2019-01-12 04:58:10', '2019-01-12 04:58:10', 'original-ts-family-restaurant'),
(51, 'The Bear\'s Den Clothing Co. Ltd.', 0x5765206361727279206d656e277320616e64206c61646965732063617375616c20776561722c206368696c6472656e277320636c6f7468696e672c20776f726b20636c6f7468696e6720616e6420776f726b626f6f7473202620666f6f74776561722e, '#4, 586 Main Ave West, Sundre, AB', '51.79527937541743', '-114.6507453918457', '403-638-3711', NULL, NULL, NULL, 'uploads/business/The Bear\'s Den Clothing - Logo.jpg', NULL, 'uploads/business/The Bear\'s Den Clothing - Ad.jpg', 5, NULL, NULL, NULL, '2', ':46', ':11', 'Monday to Friday: 9:00am - 5:00pm\r\nSaturday 10:00am - 4:00pm', '2019-01-16 10:59:03', '2019-01-16 10:59:03', 'the-bears-den-clothing-co-ltd'),
(52, 'The Children\'s Emporium', 0x57652063617272792067656e746c792075736564206368696c6472656e2773206d65726368616e646973652e, '104 - 6 Street, Sundre, Alberta', '51.795375083894015', '-114.65143525951805', '403-638-7720', NULL, NULL, NULL, 'uploads/business/The Children\'s Emporium - Logo.jpg', NULL, 'uploads/business/The Children\'s Emporium - Ad.jpg', 5, NULL, NULL, NULL, '2', ':46', ':11', 'Call for hours', '2019-01-16 11:04:54', '2019-01-16 11:04:54', 'the-childrens-emporium'),
(53, 'Tanas Concrete', 0x576520646f20636f6e63726574652c207072657070696e672c20666f756e646174696f6e207061636b616765732c20636f6e63726574652070756d70696e672c20706c6163696e6720262066696e697368696e672e, 'Sundre, Didsbury, Airdrie, Threehills, Drumheller', '51.66026236650326', '-114.13114285339355', '(403) 335-3212', NULL, NULL, 'http://tanasconcrete.com', 'uploads/business/Tanas Concrete - Logo.jpg', NULL, 'uploads/business/Tanas Concrete - Ad.jpg', 5, NULL, NULL, NULL, '2', ':41', ':11', 'Call to order', '2019-01-16 11:25:07', '2019-01-16 11:25:07', 'tanas-concrete'),
(55, 'Reinhard Ceramic Tile & Marble', 0x576520737570706c7920616e6420696e7374616c6c3a20436572616d69632074696c652c206772616e6974652026206d6172626c652070697a7a61206f76656e732c20776f6f64206275726e696e672073746f7665732c20637573746f6d2066697265706c616365732c2073746f6e656d61736f6e20776f726b2c20637573746f6d206d61646520737465616d2073686f776572732026206368696d6e657920636c65616e696e672e, 'Box 21, Site 5, RR#1, Sundre, Alberta', '51.794941', '-114.600087', '(403) 556-1984', NULL, '(403) 556-2076', NULL, 'uploads/business/Reinhard Ceramic Tile and Marble - Logo.jpg', NULL, 'uploads/business/Reinhard Ceramic Tile and Marble - Ad.jpg', 5, NULL, NULL, NULL, '2', ':47', ':11', 'Call', '2019-01-16 11:45:58', '2019-01-16 11:45:58', 'reinhard-ceramic-tile-marble'),
(56, 'Rocky Mountain Renovations', 0x496e746572696f7220616e64206578746572696f7220636f6e737472756374696f6e20616e642072656d6f64656c696e672e, 'Box 464, Sundre, Alberta', '51.794941', '-114.600087', '403-638-1458', 'phrockren@gmail.com', NULL, NULL, 'uploads/business/Rocky Mountain Renovations - Logo.jpg', NULL, 'uploads/business/Rocky Mountain Renovations - Ad.jpg', 5, NULL, NULL, NULL, '2', ':47', ':11', 'Call', '2019-01-16 11:48:36', '2019-01-16 11:48:36', 'rocky-mountain-renovations'),
(57, 'S & S Masonry', 0x57652067697665206672656520657374696d6174657320616e64207370656369616c697a6520696e3a2073747563636f2c20627269636b2c20626c6f636b2c2073746f6e652c2074696c652c20636f6e63726574652c207369646577616c6b7320616e642070617267696e672e, 'olds, alberta', '51.795041', '-114.086647', '(403) 556-9084', NULL, NULL, NULL, 'uploads/business/S and S Masonry - Logo.jpg', NULL, 'uploads/business/S and S Masonry - Ad.jpg', 5, NULL, NULL, NULL, '2', ':47', ':11', 'Call', '2019-01-16 11:58:30', '2019-01-16 11:58:30', 's-s-masonry'),
(58, 'Wood Construction', 0x4f76657220323520796561727320657870657269656e63652077697468207265736964656e7469616c20686f6d657320262072656e6f766174696f6e732e, 'Olds, Sundre & Area', '51.795041', '-114.086647', '(403) 507-1918', NULL, NULL, NULL, 'uploads/business/Wood Construction - Logo.jpg', NULL, 'uploads/business/Wood Construction - Ad.jpg', 5, NULL, NULL, NULL, '2', ':47', ':11', 'Call', '2019-01-16 12:00:41', '2019-01-16 12:00:41', 'wood-construction'),
(59, 'Mark Crouch Backhoe Service Ltd.', 0x57652070726f76696465206672656520657374696d617465732e, 'Box 15, Site 9, RR2, Sundre, Alberta', '51.794946', '-114.615592', '(403) 638-2649', NULL, NULL, NULL, 'uploads/business/Mark Crouch Boackhoe Service - Logo.jpg', NULL, 'uploads/business/Mark Crouch Boackhoe Service - Ad.jpg', 5, NULL, NULL, NULL, '2', ':48', ':11', 'Call', '2019-01-16 12:03:43', '2019-01-16 12:03:43', 'mark-crouch-backhoe-service-ltd'),
(60, 'Michalsky Bobcat Services', 0x57652070726f766964653a2041756765727320342220746f203336222c206261726e206f7220636f7272616c20636c65616e696e672c2067726176656c20747275636b2c206261636b686f652c2073616e642c2067726176656c202620636c61792e, 'Box 253, Caroline, Alberta', '52.093587', '-114.734102', '(403) 638-6637', NULL, NULL, NULL, 'uploads/business/Michalsky Bobcat - Logo.jpg', NULL, 'uploads/business/Michalsky Bobcat - Ad.jpg', 5, NULL, NULL, NULL, '2', ':48', ':11', 'Call', '2019-01-16 12:07:37', '2019-01-16 12:07:37', 'michalsky-bobcat-services'),
(61, 'RTC Services Ltd.', 0x456e7669726f6e6d656e74616c204472696c6c696e67, 'Sundre, Alberta', '51.794860291840564', '-114.59618098503955', '(403) 638-2353     24 hr: (403) 638-6850', NULL, '(403) 638-2632', 'http://rtcservices.ca', 'uploads/business/RTC Services - Logo.jpg', NULL, 'uploads/business/RTC Services - Ad.jpg', 5, NULL, NULL, NULL, '2', ':48', ':11', 'Call', '2019-01-17 04:05:22', '2019-01-17 04:05:22', 'rtc-services-ltd'),
(62, 'Webb\'s Excavating Ltd.', 0x57652070726f76696465206261636b686f652c20747261636b686f652c20646f7a65722c20736b69642073746565722c2067726176656c20747275636b2c20646972656374696f6e616c206472696c6c2c2073637265772070696c6520696e7374616c6c6174696f6e20616e6420756e64657267726f756e64207574696c69747920696e7374616c6c6174696f6e2073657276696365732e, '18 Vantage Crescent, Olds, Alberta', '51.802937', '-114.121960', '(403) 559-4142', 'shane@webbsexcavating.ca', '(403) 556-7670', NULL, 'uploads/business/nopic.jpg', NULL, 'uploads/business/nopic.jpg', 5, NULL, NULL, NULL, '2', ':48', ':11', 'Call', '2019-01-17 04:10:52', '2019-01-17 04:10:52', 'webbs-excavating-ltd'),
(63, 'Zip Excavating & Septic', 0x466f7220616c6c20796f7572207265736964656e7469616c206f7220636f6d6d65726369616c206f7574646f6f722070726f6a656374732e2057652070726f7669646520636f6d7061637420657863617661746f72732c20626f6263617420776f726b2c207365707469632073797374656d73202864657369676e20616e6420696e7374616c6c6174696f6e292c20706164207072657065726174696f6e2c2072657461696e696e672077616c6c732c207574696c6974792f77617465726c696e65207472656e6368696e672c206861726473636170696e6720616e642067726176656c20747275636b2073657276696365732e, 'UNKNOWN Olds?', '51.7950824568862', '-114.07847495798131', '403-507-9187', NULL, NULL, 'www.zipexcavating.ca', 'uploads/business/nopic.jpg', NULL, 'uploads/business/nopic.jpg', 5, NULL, NULL, NULL, '2', ':48', ':11', NULL, '2019-01-17 04:17:28', '2019-01-17 04:17:28', 'zip-excavating-septic'),
(64, 'Rick Martin Trucking', 0x5765206f666665723a20646f7a65722c20747261636b686f65732026206772616465727320666f7220726f616420636f6e7374727563747320616e64206d61696e74656e616e63652c206c6561736520726f61647320616e64207265636c616d6174696f6e2c206c6f616420616e64206861756c206c6f677320616e642067726176656c2c20737570706c7920616e642064656c697665722067726176656c2c20736c696e67657220747275636b732c2064656c6976657279206f662073616e642c20736f696c20616e64206d756c63682c20637573746f6d2067726176656c206372757368696e6720616e642077617368696e672c20262067726176656c2073616c65732e, 'RR#1, Sundre, Alberta', '51.79087164393013', '-114.59944446993603', 'Office: 403-638-3151    Cell: 403-556-0397', NULL, '403-638-4878', NULL, 'uploads/business/nopic.jpg', NULL, 'uploads/business/nopic.jpg', 5, NULL, NULL, NULL, '2', ':48', ':11', NULL, '2019-01-17 04:35:55', '2019-01-17 04:35:55', 'rick-martin-trucking'),
(65, 'Weaver\'s Bobcat Service', 0x5765207370656369616c697a6520696e3a20636f6e63726574652070696c65732c20737465656c2073637265772070696c65732c2049434620666f756e646174696f6e732c20626f6263617420776f726b20616e64207472656e6368696e672e, 'UNKNOWN', '51.79385850723194', '-114.0796045130084', '403-588-6410', NULL, NULL, NULL, 'uploads/business/nopic.jpg', NULL, 'uploads/business/nopic.jpg', 5, NULL, NULL, NULL, '2', ':48', ':11', NULL, '2019-01-17 04:59:03', '2019-01-17 04:59:03', 'weavers-bobcat-service'),
(66, 'Alternatives Funeral & Cremation Services', 0x57652061726520612066756c6c20736572766963652066756e6572616c2070726f7669646572202d2065766572797468696e672066726f6d2073696d706c65206372656d6174696f6e20776974686f75742061207365727669636520746f206120636f6d706c6574652066756e6572616c20776974682062757269616c2e20416e64206d6f7265206166666f726461626c652e, 'Serving your Area', '51.79488238316173', '-114.09621694406394', 'Olds & Sundre: 403-556-5445    Didsbury & Carstairs 403-335-9666 & Toll Free: 1-888-216-5111', 'calgary@MyAlternatives.ca', NULL, 'www.myalternatives.ca', 'uploads/business/Alternatives logo.jpg', NULL, 'uploads/business/nopic.jpg', 5, NULL, NULL, NULL, '2', ':49:61', ':11', 'Call for a Consultation.', '2019-01-17 05:09:24', '2019-01-17 05:09:24', 'alternatives-funeral-cremation-services'),
(67, 'Move Yourself Dance Ltd.', 0x426520796f757273656c66202d204368616c6c656e676520796f757273656c66202d204d6f766520796f757273656c66, 'Sundre and Olds Alberta', '51.79445702777752', '-114.60378227771707', '403-556-1456 or 403-507-6590', 'office@moveyourselfdance.com', NULL, 'www.moveyourselfdance.com', 'uploads/business/Move Yourself Dance_logo.jpg', NULL, 'uploads/business/Move Yourself Dance.JPG', 5, NULL, NULL, NULL, '2', ':50', ':11', 'Call or Email', '2019-01-17 05:12:55', '2019-01-17 05:12:55', 'move-yourself-dance-ltd'),
(68, 'Olds Dental Health Clinic', 0x4e6577202620656d657267656e63792070617469656e74732077656c636f6d652e20546f646179e280997320616476616e6365642064656e74616c2074726561746d656e747320616e64206d6174657269616c732063616e206769766520796f752061206865616c74686965722c206d6f726520636f6d706c65746520736d696c6520746861742063616e206c61737420796f752061206c69666574696d652e20596f7572204f6c64732c20416c62657274612044656e746973742c2044722e204f72642c2063616e2068656c70207265766974616c697a6520616e64206d61696e7461696e20796f757220746565746820616e642067756d732c20676976696e6720796f752074686520736d696c6520796f75e28099766520616c776179732077616e7465642e204f757220736572766963657320696e636c7564653a2044656e74616c2046696c6c696e67732c2044656e74616c205365616c616e74732c2044656e74616c2043726f776e732c2044656e74616c20427269646765732c2044656e74616c20496d706c616e74732c20496e766973616c69676e204f7274686f646f6e746963732c20526f6f742043616e616c2054726561746d656e742c20436f736d657469632053657276696365732c20546f6f74682045787472616374696f6e732c204c617365722054726561746d656e7420496d706c616e742c2044656e74757265732e, '5219 - 50 Ave. Olds, Alberta', '51.79020237815102', '-114.10553323914314', '(403) 556-6693', NULL, NULL, 'https://www.oldsdentalhealthclinic.com', 'uploads/business/nopic.jpg', NULL, 'uploads/business/nopic.jpg', 5, NULL, NULL, NULL, '2', ':51', ':11', 'Monday to Thursday: 8:00am - 4:00pm', '2019-01-17 05:17:12', '2019-01-17 05:17:12', 'olds-dental-health-clinic'),
(69, 'Markerville Creamery Museum', 0x54686520637265616d65727920776173206275696c7420696e20313930322c20616e6420776173206f7065726174696f6e616c20756e74696c20313937322e20546865206275696c64696e672077617320726573746f7265642061732061206d757365756d20616e6420636f666665652073686f7020696e20313938362c20616e64206973206e6f77206f70656e2065766572792064617920666f7220746f75727320616e64206c756e63682e, 'Markerville, Alberta', '52.12352947664538', '-114.17234659194946', '(403) 728-3006 Toll Free 1-877-728-3007', 'admin@historicmarkerville.com', NULL, 'www.historicmarkerville.com', 'uploads/business/Markerville Creamery Museum_logo_.png', NULL, 'uploads/business/Markerville Creamery Museum_logo.JPG', 5, NULL, NULL, NULL, '2', ':22:90:109', ':11', 'Open Daily \r\nMay 12th - September 3rd, 2018', '2019-02-13 23:57:01', '2019-02-13 23:57:01', 'markerville-creamery-museum'),
(70, 'Mountain View Museum', 0x546865204d6f756e7461696e2056696577204d757365756d20616e6420417263686976657320617265206f7065726174656420627920746865204f6c647320486973746f726963616c20536f63696574792e205765206272696467652079657374657264617920696e746f20746f64617920616e6420746f6d6f72726f772e20436f6d6520696e20616e6420656e6a6f7920736f6d6520486973746f727920776974682075732e, '5038 50 St. Olds, AB T4H 1P6', '51.792691457360476', '-114.10735130310058', '403 556-8464', 'mountainviewmuseum@gmail.com', NULL, 'www.oldsmuseum.ca', 'uploads/business/mountain view museum-logo.png', NULL, 'uploads/business/Mountain View Museum-ad.jpg', 5, NULL, NULL, NULL, '2', ':90', ':11', 'Tuesday to Friday 11:00am - 5:00pm', '2019-02-20 03:04:36', '2019-02-20 03:04:36', 'mountain-view-museum'),
(71, 'BLUE SPRUCE DIRECTORY', 0x3c703e506c6561736520636f6d65206261636b20616e642076697369742074686973207765627369746520736f6f6e2e2049742077696c6c2062652066756c6c206f6620627573696e6573732026616d703b20736572766963657320746f2066696c6c20796f7572206e656564732e3c2f703e, 'Rimbey, Bentley, Gull Lake, Winfield, Buck Lake, Alder Flats and Area', '52.63960354162303', '-114.24130816886469', '1-403-704-3825', 'info@bluespucedirectory.ca', NULL, 'https://www.bluesprucedirectory.ca', 'uploads/business/Blue Spruce Directorry color-logo-page-001.jpg', NULL, 'uploads/business/Blue Spruce Directorry color-logo-page-001.jpg', 5, 'fff', 'ttt', 'iiii', '3', ':141', ':11', 'Monday to Friday 9;00am-5:00pm', '2019-02-26 00:07:05', '2019-02-26 00:07:05', 'blue-spruce-directory'),
(72, 'A Gallery of Floors Ltd.', 0x412047616c6c657279206f6620466c6f6f72732069732061206c6f63616c2066616d696c792072756e20636f6d70616e792e202057652070726f766964207175616c6974792070726f64756374732c20657863657074696f6e616c20736572766963652c2064657369676e20636f6e73756c746174696f6e2c207769746820736b696c6c656420616e64207175616c69666965642070656f706c652e20204f757220636f6c6c656374696f6e20696e636c756465732068617264776f6f642c20636572616d69632c206361727065742c206c616d696e6174652c2076696e796c2c206d61726d6f6c65756d2c20736c6174652c2073746f6e652c20616e64206d6172626c652c20616e6420666962657220666c6f6f722e416c736f207765206861766520626f746820637573746f6d2073686f7765727320616e6420637573746f6d2077696e646f7720636f766572696e672e20436f6d6520696e20616e6420736565206f75722073686f77726f6f6d206f722067657420612066726565206f6e6c696e652071756f746520617420696e666f4067616c6c6572796f66666c6f6f72732e6361, '4901 50th Ave Uptown Olds, AB', '51.79284834898237', '-114.10450760474452', '(403) 556-3900', 'info@agalleryoffloors.ca', NULL, 'http://www.galleryoffloors.ca', 'uploads/business/A Gallery of Floors_logo.jpg', NULL, 'uploads/business/A Gallery of Floors_1-page-001.jpg', 5, 'https://www.facebook.com/galleryoffloors', NULL, NULL, '2', ':33:59', ':11', 'Monday to Friday: 9:00am - 5:30pm\r\nSaturday: 10:00am - 4:00pm', '2019-03-01 03:46:01', '2019-03-01 03:46:01', 'a-gallery-of-floors-ltd'),
(73, 'Otto\'s', 0x436f6d65207669736974206f75722073746f726520616e6420736565206f75722073656c6574696f6e206f662063656c6c2070686f6e65732e, '5101 49 Ave Olds, AB T4H 1E7', '51.79069401393434', '-114.10399317741394', '(403) 556-3477', 'sales.ottosavu@gmail.com', NULL, 'https://www.ottosappliance.ca/en/', 'uploads/business/A filler.JPG', NULL, 'uploads/business/A filler.JPG', 5, NULL, NULL, NULL, '2', ':42', ':11', 'Monday Closed \r\nTuesday 9:00am - 6:00pm \r\nWednesday 9:00am - 6:00pm \r\nThursday 9:00am 6:00pm \r\nFriday 9:00am - 6:00pm \r\nSaturday 10:00am - 5:00pm \r\nSunday -  Closed', '2019-03-05 02:27:53', '2019-03-05 02:27:53', 'ottos'),
(74, 'Sundre Dental Clinic', 0x46616d696c7920636172652064656e7469737472792e4e65772070617469656e747320616c776179732077656c636f6d652e204f7572207365727669636573206172653a2050726f66657373696f6e616c2048796769656e6520616e642057686974656e696e672c2046696c6c696e677320616e64204368696c642044656e74616c2054726561746d656e742c2043726f776e7320616e6420427269646765732c2044656e747572657320496e636c7564696e6720496d706c616e7420537570706f727465642044656e74757265732c20496d706c616e747320616e6420426f6e652047726166742c2020536f6674205469737375652047726166742c202053696e7573204c6966742c20526f6f742043616e616c2054726561746d656e742028496e636c7564696e672052652d54726561746d656e74292c2020537572676963616c20546f6f74682052656d6f76616c2c20204e6974726f7573204f78696465205365646174696f6e2e, '203 B Main Ave W, Sundre, AB T0M 1X0', '51.79684105413517', '-114.64206811094937', '(403) 638-8889', NULL, NULL, 'http://www.sundredentalclinic.ca', 'uploads/business/A filler.JPG', NULL, 'uploads/business/A filler.JPG', 5, NULL, NULL, NULL, '2', ':51', ':11', 'Monday, Tuesday, Friday: 8am - 3pm\r\nWednesday, Thursday: 10am - 5:30pm', '2019-03-05 02:42:29', '2019-03-05 02:42:29', 'sundre-dental-clinic'),
(75, 'Mountain View Denture Clinic', 0x4d6f756e7461696e20566965772044656e7475726520436c696e69632070726f76696465732070617469656e7473e280992066726f6d204f6c647320616e642074686520737572726f756e64696e672061726561732077697468206f72616c206865616c746820736f6c7574696f6e73207468617420696e636c75646520746865206f7074696f6e206f662066756c6c2c207061727469616c20616e6420696d706c616e742d72657461696e65642064656e74757265732e204174206f757220636c696e69632c2077652066616272696361746520616c6c206f66206f75722064656e747572657320696e2d686f757365206174206f7572206c61626f7261746f72792c20656e737572696e672074686174207468652064656e747572657320796f752072656365697665206d656574206f7572207374616e64617264206f66207175616c6974792e2057652068616e646c652065766572792064657461696c206f6620796f75722074726561746d656e742066726f6d20696d7072657373696f6e7320746f2066696e69736865642070726f647563747320e2809320616e642077652067657420697420646f6e65207769746820736b696c6c2c20637265617469766974792c206f6e2074696d6520616e64206f6e206275646765742e202057652061726520776865656c2063686169722061636365737369626c652c20776974682061206e6f2063686172676520636f6e73756c746174696f6e2e204e6f20726566657272616c206973206e65656465642e20486f73706974616c20616e6420686f7573652076697369747320617661696c61626c652e2020576520616c736f2061636365707420616c6c20666f726d73206f66207061796d656e7420616e64204469726563742042696c6c696e6720746f20496e737572616e6365732e, '5118 - 50th Street Olds, AB, T4H 1H2', '51.79277930620817', '-114.10869195168891', '(403) 556-3833', NULL, NULL, 'http://www.mountainviewdentureclinic.ca/language/en/', 'uploads/business/A filler.JPG', NULL, 'uploads/business/A filler.JPG', 5, NULL, NULL, NULL, '2', ':24', ':11', 'Monday: 8:30 am – 5:00 pm\r\nTuesday: 8:30 am – 5:00 pm\r\nWednesday: 8:30 am – 5:00 pm\r\nThursday: 8:30 am – 5:00 pm\r\nFriday: 8:30 am – 1:00 pm', '2019-03-05 03:01:00', '2019-03-05 03:01:00', 'mountain-view-denture-clinic'),
(76, 'Door Service by Moonlight', 0x446f6f722053657276696365206279204d6f6f6e6c69676874204c74642e20686173206265656e2070726f75646c792073657276696e672043656e7472616c20416c626572746120666f722031362079656172732e2057652053656c6c2c205365727669636520616e6420496e7374616c6c20414c4c206d616b657320616e64206d6f64656c73206f66204f7665726865616420446f6f727320616e64204f70656e6572732e20596f7572206f7665726865616420646f6f72206973207468652066697273742076697375616c20696d7061637420616e6420746865206c617267657374206d6f76696e6720636f6d706f6e656e74206f6620796f757220686f6d652c20736f20676f6f64207175616c69747920616e6420616e6e75616c206d61696e74656e616e63652020617265206b657920746f206b656570696e6720796f7572206f7665726865616420646f6f72206c6f6f6b696e6720616e642072756e6e696e672061742069747320626573742e204f7572206b6e6f776c6564676561626c6520746563686e69636869616e7320697320616c6c20796f7572206f7665726865616420646f6f72206e6565647320746f206265206f7065726174696f6e616c20616761696e2c20746f206b65657020746865206865617420696e20616e642074686520636f6c64206f757421, '3719 57th Ave, Innisfail AB T4G 1S9', '52.01987514496728', '-113.9689886381226', '(403) 227-4485', NULL, NULL, 'https://doorservicebymoonlight.com/', 'uploads/business/A filler.JPG', NULL, 'uploads/business/A filler.JPG', 5, 'https://www.facebook.com/dsbmoonlight/', NULL, NULL, '2', ':53', ':11', 'Monday to Friday: 9:00am - 5:00pm', '2019-03-05 03:11:59', '2019-03-05 03:11:59', 'door-service-by-moonlight'),
(77, 'Modern Electric', 0x4d6f6465726e20456c6563747269632077696c6c2070726f76696465207365727669636520666f7220616c6c20636f6d6d65726369616c20616e64207265736964656e7469616c206e656564732e204f757220656c65637472696369616e732077696c6c206272696e67207175616c697479207365727669636520746f20796f757220686f6d652c636f6d70616e792c206f722072656d6f74652063616d70206c6f636174696f6e732077686574686572206974206265206368616e67696e672061206c696768742062756c62206f7220776972696e6720616e20656e74697265206275696c64696e672e2057652077696c6c20616c736f20636f6d706c65746520616e6e75616c206669726520696e7370656374696f6e732c20616e64206e6f7469667920796f752065616368207965617220746f20626f6f6b20796f7572206e65787420696e7370656374696f6e2e204d6f6465726e20456c65637472696320697320746865206f776e6572206f662061206d616e2d6c696674206275636b657420747275636b20656e61626c696e6720757320746f20776f726b206f6e206f7574206f66207265616368206c69676874696e672e204d6f6465726e20456c6563747269632063617272696573206120776964652072616e6765206f662073746f636b206974656d7320746f2070726f76696465206561737920616e6420656666696369656e74207365727669636520666f72206f757220637573746f6d6572732e2053686f756c64207765206e6f742073746f636b20746865206974656d206e65656465642c20616e206f7264657220697320706c6163656420776974682074686520637573746f6d6572732073706563696669632070726f6475637420726571756573742e204974206973206f75722061696d20746f2070726f7669646520746f70206e6f74636820637573746f6d6572207365727669636520616e642077652077696c6c20646f20776861742069742074616b657320746f206d65657420796f757220656c656374726963616c20616e64206c69676874696e67206e656564732e204f75722070726f66657373696f6e616c20616e642077656c6c20747261696e65642073746166662077696c6c20646f206f7572206265737420746f206c6561766520796f752077697468206120686170707920657870657269656e636521, '5202 44 St Rocky Mtn House, AB, T4T 1B2', '52.377780195186645', '-114.90868806838989', '(403) 845-3155', NULL, NULL, 'http://www.modernelectricrocky.com/electrical/', 'uploads/business/A filler.JPG', NULL, 'uploads/business/A filler.JPG', 5, NULL, NULL, NULL, '2', ':55', ':11', 'Monday to Friday: 8:00am - 5:00pm', '2019-03-05 03:25:57', '2019-03-05 03:25:57', 'modern-electric'),
(78, 'Rural Routs Electric', 0x527572616c20526f7574657320456c656374726963207365727669636573206172653a204661726d206d61696e7469656e636520616e6420636f6e737472756374696f6e2c2074726f75626c652073686f6f74696e672c205265736964656e7469616c202620616372656167652c206261726e2c2073686f702c206761726167652c2077617465722077656c6c732c2070726573737572652073797374656d732c206d6f62696c6520686f6d6520686f6f6b207570732c20686f74207475627320616e64206d6f72652e, 'Sundre, Alberta', '51.79849460017737', '-114.6640262559522', '(403) 638-6987', 'rrelec@hotmail.com', NULL, NULL, 'uploads/business/A filler.JPG', NULL, 'uploads/business/A filler.JPG', 5, NULL, NULL, NULL, '2', ':55', ':11', 'Call', '2019-03-05 03:39:26', '2019-03-05 03:39:26', 'rural-routs-electric'),
(79, 'Dougan\'s Farm & Feed Supply', 0x5175616c697479206665656420616e6420737570706c69657320666f7220616c6c20796f757220616e696d616c206e656564732e, '1015 Main Ave Sundre, Alberta T0M 1X0', '51.794130914151495', '-114.623264602689', '(403) 638-3959', 'dougansfarmandfeed@hotmail.com', NULL, NULL, 'uploads/business/A filler.JPG', NULL, 'uploads/business/A filler.JPG', 5, NULL, NULL, NULL, '2', ':15', ':11', 'Monday to Friday 9:00am - 5:00pm\r\nSaturday: 9:00am - 2:00pm', '2019-03-05 03:53:38', '2019-03-05 03:53:38', 'dougans-farm-feed-supply');
INSERT INTO `business` (`id`, `title`, `description`, `address`, `lat`, `lng`, `phone`, `email`, `fax`, `url`, `img`, `video`, `ad_img`, `rate`, `facebook`, `twitter`, `instagram`, `business_id`, `category_id`, `hour_id`, `time`, `created_at`, `updated_at`, `slug`) VALUES
(80, 'Rocky Mountain Funeral Home', 0x526f636b792046756e6572616c20486f6d6520697320707269766174656c79206f776e656420616e64206f7065726174656420616e6420686173206265656e2073657276696e67204f6c64732c2053756e6472652c204361726f6c696e652c20526f636b79204d6f756e7461696e20686f75736520616e64206f6620436c656172776174657220436f756e747920666f722036302079656172732e, '4804 48 St Rocky Mnt. House, AB T4T 1C3', '52.37159381256395', '-114.91670250892639', '(403) 845-2626 Ph: (403) 845-7579 Toll Free: 1-888-845-7579', NULL, NULL, 'https://www.rockyfuneralhome.ca/', 'uploads/business/A filler.JPG', NULL, 'uploads/business/A filler.JPG', 5, NULL, NULL, NULL, '2', ':61', ':11', '24 hours a day/7 days a week', '2019-03-05 04:05:50', '2019-03-05 04:05:50', 'rocky-mountain-funeral-home'),
(81, 'West View Funeral Services', 0x45642026205465727279205374657068616e2061726520746865206f776e65722f6f70657261746f7273206f66205765737420566965772046756e6572616c2053657276696365732e, '5303 50 Ave Olds, AB', '51.78895679907864', '-114.10617563061368', '(403) 556-6576', 'kneehillfuneralservices@hotmail.com', NULL, 'http://kneehillfuneral.com/about/', 'uploads/business/A filler.JPG', NULL, 'uploads/business/A filler.JPG', 5, NULL, NULL, NULL, '2', ':61', ':11', 'Call', '2019-03-05 04:16:31', '2019-03-05 04:16:31', 'west-view-funeral-services'),
(82, 'Sim\'s Furniture & Mattresses', 0x53696d2773204675726e697475726520262042656464696e67206973206c6f63616c6c79206f776e656420616e6420686173206265656e2073657276696e67204f6c647320616e6420617265612073696e636520313937332e205769746820657870657269656e636564206b6e6f776c6564676561626c652073616c657320737461666620616e6420612031322c3030302073712e2066742e2066756c6c79206163636573736f72697a65642073686f77726f6f6d2c2069742773206561737920746f20736565207768792053696d2773206973207468652070726566657272656420706c61636520746f2073686f7020666f7220796f757220686f6d65206675726e697368696e67732e2054686520536c6565702043656e747265206665617475726573206f766572203230206d617474726573736573206d6164652062792066616d6f7573206272616e64206e616d65732c205365616c792c2053696d6d6f6e732c204b696e6773646f776e20616e6420537072696e6777616c6c2e2053696d277320707269646520697473656c6620696e20637573746f6d6572207365727669636520616e642068617665206120353030206d696c6c696f6e20646f6c6c617220627579696e6720706f7765722c20616c6c6f77696e67207468656d20746f20636f6d70657465207769746820616e79206d616a6f7220636f6d70657469746f722e41736b2061626f7574206f75722065617379206e6f20696e7465726573742066696e616e63696e67206f7074696f6e7320746f207375697420616c6c206f6620796f7572206e656564732e20436f6d6520696e20616e642073656520616c6c20746865206c617465737420696e20686f6d65206675726e697368696e67732e, '5029 51 St, Olds AB T4H 1P8', '51.79135099013996', '-114.1073888540268', '(403) 556-3713', NULL, NULL, 'https://simsfurniture.ca/', 'uploads/business/A filler.JPG', NULL, 'uploads/business/A filler.JPG', 5, NULL, NULL, NULL, '2', ':63:142:143', ':11', 'Monday to Thursday: 9:00am - 5:30pm\r\nFriday: 9:00am to 6:00pm\r\nSaturday: 9:00am to 5:30pm', '2019-03-05 04:58:19', '2019-03-05 04:58:19', 'sims-furniture-mattresses'),
(83, 'Wild Rose Glass', 0x4c65742075732068656c7020796f75207769746820796f757220676c617373206e656564732e20436f6d6d65726369616c2c20486561767920547275636b732c204175746f6d6f746976652c20526f636b2063686970732c205265736964656e7469616c2c20476c6173732063757420746f2073697a652e, '134 6th St SE Sundre, AB T0M 1X0', '51.790950853163615', '-114.62926320210363', '(403) 586-3374', NULL, NULL, NULL, 'uploads/business/A filler.JPG', NULL, 'uploads/business/A filler.JPG', 5, NULL, NULL, NULL, '2', ':67', ':11', 'Monday to Friday: 8:00am - 5:00pm\r\nSaturday: By Appointment Only', '2019-03-05 05:17:29', '2019-03-05 05:17:29', 'wild-rose-glass'),
(84, 'Speedy Glass', 0x4f7572206d6f62696c6520756e697420636f6d657320746f20796f7520666f7220676c6173732072657061697220616e64207265706c6163656d656e742e, 'Our Mobil Unit Comes To You', '51.795836092607836', '-114.15562856520762', 'Olds: (403) 556-0454 Sundre: (403) 638-6661', NULL, NULL, 'https://www.speedyglass.ca/en/service-centre/alberta/rocky-mountain-house/112-4504_47th-avenue.html', 'uploads/business/A filler.JPG', NULL, 'uploads/business/A filler.JPG', 5, NULL, NULL, NULL, '2', ':67', ':11', 'Monday to Friday: 8:00am - 5:00pm', '2019-03-05 05:27:21', '2019-03-05 05:27:21', 'speedy-glass'),
(85, 'Sunset Glass', 0x476c617373207365727669636573206172653a204175746f6d6f746976652c20436f6d6d65726369616c20616e64205265736964656e7469616c2e, '2, 5239 56 St, Olds AB', '51.79449881208895', '-114.12076095257561', 'Olds (403) 507-2612 Innisfail: (403) 507-2612', NULL, NULL, NULL, 'uploads/business/A filler.JPG', NULL, 'uploads/business/A filler.JPG', 5, NULL, NULL, NULL, '2', ':67', ':11', 'Monday to Friday: 8:00am - 5:00pm', '2019-03-05 06:12:22', '2019-03-05 06:12:22', 'sunset-glass'),
(86, 'Coyote Creek Golf & RV Resoert', 0x476f6c6620436f7572736520262050726f2073686f70, 'Sundre, AB', '51.764803940086644', '-114.68269145997362', '(403) 638-2450', NULL, NULL, NULL, 'uploads/business/A filler.JPG', NULL, 'uploads/business/A filler.JPG', 5, NULL, NULL, NULL, '2', ':26', ':11', '24/7', '2019-03-05 06:27:50', '2019-03-05 06:27:50', 'coyote-creek-golf-rv-resoert');

-- --------------------------------------------------------

--
-- Table structure for table `business_bookmarks`
--

CREATE TABLE `business_bookmarks` (
  `id` int(10) UNSIGNED NOT NULL,
  `business_id` int(11) NOT NULL,
  `user_id` int(11) NOT NULL,
  `created_at` timestamp NULL DEFAULT NULL,
  `updated_at` timestamp NULL DEFAULT NULL
) ENGINE=InnoDB DEFAULT CHARSET=utf8mb4 COLLATE=utf8mb4_unicode_ci;

-- --------------------------------------------------------

--
-- Table structure for table `business_categories`
--

CREATE TABLE `business_categories` (
  `id` int(10) UNSIGNED NOT NULL,
  `business_id` int(11) NOT NULL,
  `category_id` int(11) NOT NULL,
  `created_at` timestamp NULL DEFAULT NULL,
  `updated_at` timestamp NULL DEFAULT NULL
) ENGINE=InnoDB DEFAULT CHARSET=utf8mb4 COLLATE=utf8mb4_unicode_ci;

--
-- Dumping data for table `business_categories`
--

INSERT INTO `business_categories` (`id`, `business_id`, `category_id`, `created_at`, `updated_at`) VALUES
(243, 9, 3, '2018-11-23 05:26:30', '2018-11-23 05:26:30'),
(244, 9, 6, '2018-11-23 05:26:30', '2018-11-23 05:26:30'),
(245, 9, 11, '2018-11-23 05:26:30', '2018-11-23 05:26:30'),
(378, 8, 3, '2018-12-19 11:17:11', '2018-12-19 11:17:11'),
(385, 7, 3, '2018-12-19 14:53:36', '2018-12-19 14:53:36'),
(386, 7, 6, '2018-12-19 14:53:36', '2018-12-19 14:53:36'),
(549, 4, 1, '2019-01-08 08:31:18', '2019-01-08 08:31:18'),
(550, 4, 3, '2019-01-08 08:31:18', '2019-01-08 08:31:18'),
(557, 3, 1, '2019-01-08 22:53:00', '2019-01-08 22:53:00'),
(558, 3, 3, '2019-01-08 22:53:00', '2019-01-08 22:53:00'),
(559, 3, 9, '2019-01-08 22:53:00', '2019-01-08 22:53:00'),
(569, 5, 12, '2019-01-09 04:06:44', '2019-01-09 04:06:44'),
(570, 5, 1, '2019-01-09 04:06:44', '2019-01-09 04:06:44'),
(603, 20, 16, '2019-01-10 08:56:38', '2019-01-10 08:56:38'),
(606, 23, 19, '2019-01-10 09:18:13', '2019-01-10 09:18:13'),
(627, 39, 31, '2019-01-12 01:32:06', '2019-01-12 01:32:06'),
(642, 22, 17, '2019-01-15 04:51:23', '2019-01-15 04:51:23'),
(644, 21, 17, '2019-01-15 04:54:35', '2019-01-15 04:54:35'),
(648, 46, 38, '2019-01-15 07:59:37', '2019-01-15 07:59:37'),
(653, 25, 21, '2019-01-15 11:47:58', '2019-01-15 11:47:58'),
(654, 50, 44, '2019-01-16 10:55:46', '2019-01-16 10:55:46'),
(660, 54, 47, '2019-01-16 11:28:48', '2019-01-16 11:28:48'),
(667, 15, 24, '2019-01-16 23:19:36', '2019-01-16 23:19:36'),
(670, 63, 48, '2019-01-17 04:17:28', '2019-01-17 04:17:28'),
(671, 64, 48, '2019-01-17 04:35:55', '2019-01-17 04:35:55'),
(672, 65, 48, '2019-01-17 04:59:03', '2019-01-17 04:59:03'),
(695, 38, 31, '2019-01-17 10:53:26', '2019-01-17 10:53:26'),
(696, 30, 30, '2019-01-22 01:42:42', '2019-01-22 01:42:42'),
(697, 29, 30, '2019-01-22 01:43:34', '2019-01-22 01:43:34'),
(709, 17, 17, '2019-02-11 11:14:46', '2019-02-11 11:14:46'),
(719, 14, 19, '2019-02-13 12:45:21', '2019-02-13 12:45:21'),
(720, 67, 50, '2019-02-13 12:50:08', '2019-02-13 12:50:08'),
(734, 69, 22, '2019-02-14 00:18:38', '2019-02-14 00:18:38'),
(735, 69, 90, '2019-02-14 00:18:38', '2019-02-14 00:18:38'),
(736, 69, 109, '2019-02-14 00:18:38', '2019-02-14 00:18:38'),
(738, 70, 90, '2019-02-20 03:06:08', '2019-02-20 03:06:08'),
(743, 13, 17, '2019-02-26 04:06:31', '2019-02-26 04:06:31'),
(744, 16, 17, '2019-02-26 04:07:11', '2019-02-26 04:07:11'),
(745, 12, 16, '2019-02-26 09:16:07', '2019-02-26 09:16:07'),
(746, 12, 23, '2019-02-26 09:16:07', '2019-02-26 09:16:07'),
(747, 12, 22, '2019-02-26 09:16:07', '2019-02-26 09:16:07'),
(748, 12, 1, '2019-02-26 09:16:07', '2019-02-26 09:16:07'),
(749, 12, 3, '2019-02-26 09:16:07', '2019-02-26 09:16:07'),
(765, 66, 49, '2019-02-28 22:47:38', '2019-02-28 22:47:38'),
(766, 66, 61, '2019-02-28 22:47:38', '2019-02-28 22:47:38'),
(767, 26, 28, '2019-02-28 23:04:53', '2019-02-28 23:04:53'),
(768, 27, 28, '2019-02-28 23:06:20', '2019-02-28 23:06:20'),
(769, 28, 28, '2019-02-28 23:11:02', '2019-02-28 23:11:02'),
(774, 6, 1, '2019-02-28 23:16:50', '2019-02-28 23:16:50'),
(775, 6, 3, '2019-02-28 23:16:50', '2019-02-28 23:16:50'),
(776, 6, 8, '2019-02-28 23:16:50', '2019-02-28 23:16:50'),
(777, 6, 16, '2019-02-28 23:16:50', '2019-02-28 23:16:50'),
(778, 24, 27, '2019-02-28 23:24:56', '2019-02-28 23:24:56'),
(779, 31, 30, '2019-02-28 23:31:44', '2019-02-28 23:31:44'),
(780, 32, 30, '2019-02-28 23:35:27', '2019-02-28 23:35:27'),
(781, 33, 30, '2019-02-28 23:38:23', '2019-02-28 23:38:23'),
(783, 34, 30, '2019-02-28 23:41:57', '2019-02-28 23:41:57'),
(785, 35, 31, '2019-02-28 23:50:28', '2019-02-28 23:50:28'),
(786, 36, 31, '2019-02-28 23:55:21', '2019-02-28 23:55:21'),
(788, 37, 31, '2019-02-28 23:59:19', '2019-02-28 23:59:19'),
(790, 40, 31, '2019-03-01 00:04:10', '2019-03-01 00:04:10'),
(794, 41, 31, '2019-03-01 00:12:30', '2019-03-01 00:12:30'),
(797, 42, 31, '2019-03-01 03:09:01', '2019-03-01 03:09:01'),
(804, 72, 33, '2019-03-01 03:49:31', '2019-03-01 03:49:31'),
(805, 72, 59, '2019-03-01 03:49:31', '2019-03-01 03:49:31'),
(806, 44, 36, '2019-03-01 03:53:50', '2019-03-01 03:53:50'),
(807, 44, 37, '2019-03-01 03:53:50', '2019-03-01 03:53:50'),
(814, 45, 38, '2019-03-01 04:18:35', '2019-03-01 04:18:35'),
(815, 47, 39, '2019-03-01 04:28:20', '2019-03-01 04:28:20'),
(836, 48, 40, '2019-03-01 04:59:37', '2019-03-01 04:59:37'),
(837, 49, 40, '2019-03-01 05:03:18', '2019-03-01 05:03:18'),
(838, 49, 109, '2019-03-01 05:03:18', '2019-03-01 05:03:18'),
(842, 51, 46, '2019-03-01 05:13:57', '2019-03-01 05:13:57'),
(845, 52, 46, '2019-03-01 05:19:07', '2019-03-01 05:19:07'),
(849, 53, 41, '2019-03-01 05:35:51', '2019-03-01 05:35:51'),
(851, 55, 47, '2019-03-01 08:24:21', '2019-03-01 08:24:21'),
(852, 56, 47, '2019-03-01 08:27:15', '2019-03-01 08:27:15'),
(853, 57, 47, '2019-03-01 08:31:14', '2019-03-01 08:31:14'),
(854, 58, 47, '2019-03-01 08:34:36', '2019-03-01 08:34:36'),
(857, 59, 48, '2019-03-01 09:20:03', '2019-03-01 09:20:03'),
(860, 60, 48, '2019-03-01 09:31:10', '2019-03-01 09:31:10'),
(866, 61, 48, '2019-03-01 09:41:56', '2019-03-01 09:41:56'),
(867, 62, 48, '2019-03-01 09:43:53', '2019-03-01 09:43:53'),
(870, 68, 51, '2019-03-01 10:10:40', '2019-03-01 10:10:40'),
(871, 18, 16, '2019-03-03 00:20:46', '2019-03-03 00:20:46'),
(872, 18, 1, '2019-03-03 00:20:46', '2019-03-03 00:20:46'),
(873, 18, 3, '2019-03-03 00:20:46', '2019-03-03 00:20:46'),
(874, 19, 16, '2019-03-03 00:21:23', '2019-03-03 00:21:23'),
(875, 19, 1, '2019-03-03 00:21:23', '2019-03-03 00:21:23'),
(876, 19, 3, '2019-03-03 00:21:23', '2019-03-03 00:21:23'),
(877, 43, 33, '2019-03-03 00:35:52', '2019-03-03 00:35:52'),
(880, 73, 42, '2019-03-05 02:29:33', '2019-03-05 02:29:33'),
(882, 74, 51, '2019-03-05 02:47:57', '2019-03-05 02:47:57'),
(884, 75, 24, '2019-03-05 03:01:45', '2019-03-05 03:01:45'),
(885, 76, 53, '2019-03-05 03:11:59', '2019-03-05 03:11:59'),
(886, 77, 55, '2019-03-05 03:25:57', '2019-03-05 03:25:57'),
(887, 78, 55, '2019-03-05 03:39:26', '2019-03-05 03:39:26'),
(888, 79, 15, '2019-03-05 03:53:38', '2019-03-05 03:53:38'),
(889, 80, 61, '2019-03-05 04:05:50', '2019-03-05 04:05:50'),
(890, 81, 61, '2019-03-05 04:16:31', '2019-03-05 04:16:31'),
(892, 82, 63, '2019-03-05 05:00:04', '2019-03-05 05:00:04'),
(893, 82, 142, '2019-03-05 05:00:04', '2019-03-05 05:00:04'),
(894, 82, 143, '2019-03-05 05:00:04', '2019-03-05 05:00:04'),
(897, 83, 67, '2019-03-05 05:21:45', '2019-03-05 05:21:45'),
(899, 85, 67, '2019-03-05 06:12:22', '2019-03-05 06:12:22'),
(900, 84, 67, '2019-03-05 06:13:39', '2019-03-05 06:13:39'),
(901, 86, 26, '2019-03-05 06:27:50', '2019-03-05 06:27:50'),
(910, 71, 141, '2019-03-27 23:24:35', '2019-03-27 23:24:35');

-- --------------------------------------------------------

--
-- Table structure for table `business_hours`
--

CREATE TABLE `business_hours` (
  `id` int(10) UNSIGNED NOT NULL,
  `business_id` varchar(191) COLLATE utf8mb4_unicode_ci NOT NULL,
  `hour_id` varchar(191) COLLATE utf8mb4_unicode_ci NOT NULL,
  `created_at` timestamp NULL DEFAULT NULL,
  `updated_at` timestamp NULL DEFAULT NULL
) ENGINE=InnoDB DEFAULT CHARSET=utf8mb4 COLLATE=utf8mb4_unicode_ci;

--
-- Dumping data for table `business_hours`
--

INSERT INTO `business_hours` (`id`, `business_id`, `hour_id`, `created_at`, `updated_at`) VALUES
(133, '9', '13', '2018-11-23 05:26:30', '2018-11-23 05:26:30'),
(134, '9', '14', '2018-11-23 05:26:31', '2018-11-23 05:26:31'),
(293, '8', '13', '2018-12-19 11:17:11', '2018-12-19 11:17:11'),
(294, '8', '14', '2018-12-19 11:17:11', '2018-12-19 11:17:11'),
(295, '8', '15', '2018-12-19 11:17:11', '2018-12-19 11:17:11'),
(299, '7', '11', '2018-12-19 14:53:36', '2018-12-19 14:53:36'),
(394, '4', '13', '2019-01-08 08:31:18', '2019-01-08 08:31:18'),
(395, '4', '14', '2019-01-08 08:31:18', '2019-01-08 08:31:18'),
(396, '4', '15', '2019-01-08 08:31:18', '2019-01-08 08:31:18'),
(401, '3', '11', '2019-01-08 22:53:00', '2019-01-08 22:53:00'),
(402, '3', '15', '2019-01-08 22:53:00', '2019-01-08 22:53:00'),
(405, '5', '11', '2019-01-09 04:06:44', '2019-01-09 04:06:44'),
(406, '5', '13', '2019-01-09 04:06:44', '2019-01-09 04:06:44'),
(407, '5', '14', '2019-01-09 04:06:44', '2019-01-09 04:06:44'),
(421, '20', '11', '2019-01-10 08:56:38', '2019-01-10 08:56:38'),
(424, '23', '11', '2019-01-10 09:18:13', '2019-01-10 09:18:13'),
(445, '39', '11', '2019-01-12 01:32:06', '2019-01-12 01:32:06'),
(458, '22', '11', '2019-01-15 04:51:23', '2019-01-15 04:51:23'),
(460, '21', '11', '2019-01-15 04:54:35', '2019-01-15 04:54:35'),
(464, '46', '11', '2019-01-15 07:59:37', '2019-01-15 07:59:37'),
(469, '25', '11', '2019-01-15 11:47:58', '2019-01-15 11:47:58'),
(470, '50', '11', '2019-01-16 10:55:46', '2019-01-16 10:55:46'),
(476, '54', '11', '2019-01-16 11:28:48', '2019-01-16 11:28:48'),
(483, '15', '11', '2019-01-16 23:19:36', '2019-01-16 23:19:36'),
(486, '63', '11', '2019-01-17 04:17:28', '2019-01-17 04:17:28'),
(487, '64', '11', '2019-01-17 04:35:55', '2019-01-17 04:35:55'),
(488, '65', '11', '2019-01-17 04:59:03', '2019-01-17 04:59:03'),
(500, '38', '11', '2019-01-17 10:53:26', '2019-01-17 10:53:26'),
(501, '30', '11', '2019-01-22 01:42:42', '2019-01-22 01:42:42'),
(502, '29', '11', '2019-01-22 01:43:34', '2019-01-22 01:43:34'),
(506, '17', '11', '2019-02-11 11:14:46', '2019-02-11 11:14:46'),
(516, '14', '11', '2019-02-13 12:45:21', '2019-02-13 12:45:21'),
(517, '67', '11', '2019-02-13 12:50:08', '2019-02-13 12:50:08'),
(523, '69', '11', '2019-02-14 00:18:38', '2019-02-14 00:18:38'),
(525, '70', '11', '2019-02-20 03:06:08', '2019-02-20 03:06:08'),
(530, '13', '11', '2019-02-26 04:06:31', '2019-02-26 04:06:31'),
(531, '16', '11', '2019-02-26 04:07:11', '2019-02-26 04:07:11'),
(532, '12', '11', '2019-02-26 09:16:07', '2019-02-26 09:16:07'),
(548, '66', '11', '2019-02-28 22:47:38', '2019-02-28 22:47:38'),
(549, '26', '11', '2019-02-28 23:04:53', '2019-02-28 23:04:53'),
(550, '27', '11', '2019-02-28 23:06:20', '2019-02-28 23:06:20'),
(551, '28', '11', '2019-02-28 23:11:02', '2019-02-28 23:11:02'),
(553, '6', '11', '2019-02-28 23:16:50', '2019-02-28 23:16:50'),
(554, '24', '11', '2019-02-28 23:24:56', '2019-02-28 23:24:56'),
(555, '31', '11', '2019-02-28 23:31:44', '2019-02-28 23:31:44'),
(556, '32', '11', '2019-02-28 23:35:27', '2019-02-28 23:35:27'),
(557, '33', '11', '2019-02-28 23:38:23', '2019-02-28 23:38:23'),
(559, '34', '11', '2019-02-28 23:41:57', '2019-02-28 23:41:57'),
(561, '35', '11', '2019-02-28 23:50:28', '2019-02-28 23:50:28'),
(562, '36', '11', '2019-02-28 23:55:21', '2019-02-28 23:55:21'),
(564, '37', '11', '2019-02-28 23:59:19', '2019-02-28 23:59:19'),
(566, '40', '11', '2019-03-01 00:04:10', '2019-03-01 00:04:10'),
(570, '41', '11', '2019-03-01 00:12:30', '2019-03-01 00:12:30'),
(573, '42', '11', '2019-03-01 03:09:01', '2019-03-01 03:09:01'),
(578, '72', '11', '2019-03-01 03:49:31', '2019-03-01 03:49:31'),
(579, '44', '11', '2019-03-01 03:53:51', '2019-03-01 03:53:51'),
(586, '45', '11', '2019-03-01 04:18:35', '2019-03-01 04:18:35'),
(587, '47', '11', '2019-03-01 04:28:20', '2019-03-01 04:28:20'),
(600, '48', '11', '2019-03-01 04:59:37', '2019-03-01 04:59:37'),
(601, '49', '11', '2019-03-01 05:03:18', '2019-03-01 05:03:18'),
(605, '51', '11', '2019-03-01 05:13:57', '2019-03-01 05:13:57'),
(608, '52', '11', '2019-03-01 05:19:07', '2019-03-01 05:19:07'),
(612, '53', '11', '2019-03-01 05:35:51', '2019-03-01 05:35:51'),
(614, '55', '11', '2019-03-01 08:24:21', '2019-03-01 08:24:21'),
(615, '56', '11', '2019-03-01 08:27:15', '2019-03-01 08:27:15'),
(616, '57', '11', '2019-03-01 08:31:14', '2019-03-01 08:31:14'),
(617, '58', '11', '2019-03-01 08:34:36', '2019-03-01 08:34:36'),
(620, '59', '11', '2019-03-01 09:20:03', '2019-03-01 09:20:03'),
(623, '60', '11', '2019-03-01 09:31:10', '2019-03-01 09:31:10'),
(629, '61', '11', '2019-03-01 09:41:56', '2019-03-01 09:41:56'),
(630, '62', '11', '2019-03-01 09:43:53', '2019-03-01 09:43:53'),
(633, '68', '11', '2019-03-01 10:10:40', '2019-03-01 10:10:40'),
(634, '18', '11', '2019-03-03 00:20:46', '2019-03-03 00:20:46'),
(635, '19', '11', '2019-03-03 00:21:23', '2019-03-03 00:21:23'),
(636, '43', '11', '2019-03-03 00:35:52', '2019-03-03 00:35:52'),
(639, '73', '11', '2019-03-05 02:29:33', '2019-03-05 02:29:33'),
(641, '74', '11', '2019-03-05 02:47:57', '2019-03-05 02:47:57'),
(643, '75', '11', '2019-03-05 03:01:45', '2019-03-05 03:01:45'),
(644, '76', '11', '2019-03-05 03:11:59', '2019-03-05 03:11:59'),
(645, '77', '11', '2019-03-05 03:25:57', '2019-03-05 03:25:57'),
(646, '78', '11', '2019-03-05 03:39:26', '2019-03-05 03:39:26'),
(647, '79', '11', '2019-03-05 03:53:38', '2019-03-05 03:53:38'),
(648, '80', '11', '2019-03-05 04:05:50', '2019-03-05 04:05:50'),
(649, '81', '11', '2019-03-05 04:16:31', '2019-03-05 04:16:31'),
(651, '82', '11', '2019-03-05 05:00:04', '2019-03-05 05:00:04'),
(654, '83', '11', '2019-03-05 05:21:45', '2019-03-05 05:21:45'),
(656, '85', '11', '2019-03-05 06:12:22', '2019-03-05 06:12:22'),
(657, '84', '11', '2019-03-05 06:13:39', '2019-03-05 06:13:39'),
(658, '86', '11', '2019-03-05 06:27:50', '2019-03-05 06:27:50'),
(667, '71', '11', '2019-03-27 23:24:35', '2019-03-27 23:24:35');

-- --------------------------------------------------------

--
-- Table structure for table `business_images`
--

CREATE TABLE `business_images` (
  `id` int(10) UNSIGNED NOT NULL,
  `business_id` varchar(191) COLLATE utf8mb4_unicode_ci NOT NULL,
  `image` varchar(191) COLLATE utf8mb4_unicode_ci NOT NULL,
  `created_at` timestamp NULL DEFAULT NULL,
  `updated_at` timestamp NULL DEFAULT NULL
) ENGINE=InnoDB DEFAULT CHARSET=utf8mb4 COLLATE=utf8mb4_unicode_ci;

-- --------------------------------------------------------

--
-- Table structure for table `business_rate`
--

CREATE TABLE `business_rate` (
  `id` int(10) UNSIGNED NOT NULL,
  `business_id` int(11) NOT NULL,
  `name` varchar(191) COLLATE utf8mb4_unicode_ci NOT NULL,
  `email` varchar(191) COLLATE utf8mb4_unicode_ci NOT NULL,
  `comment` varchar(191) COLLATE utf8mb4_unicode_ci NOT NULL,
  `rate` int(11) NOT NULL,
  `created_at` timestamp NULL DEFAULT NULL,
  `updated_at` timestamp NULL DEFAULT NULL
) ENGINE=InnoDB DEFAULT CHARSET=utf8mb4 COLLATE=utf8mb4_unicode_ci;

-- --------------------------------------------------------

--
-- Table structure for table `category`
--

CREATE TABLE `category` (
  `id` int(10) UNSIGNED NOT NULL,
  `name` varchar(191) COLLATE utf8mb4_unicode_ci NOT NULL,
  `desc` varchar(191) COLLATE utf8mb4_unicode_ci NOT NULL,
  `created_at` timestamp NULL DEFAULT NULL,
  `updated_at` timestamp NULL DEFAULT NULL
) ENGINE=InnoDB DEFAULT CHARSET=utf8mb4 COLLATE=utf8mb4_unicode_ci;

--
-- Dumping data for table `category`
--

INSERT INTO `category` (`id`, `name`, `desc`, `created_at`, `updated_at`) VALUES
(1, 'Hotel', 'This is hotel ... ... ok', '2018-11-14 18:56:00', '2018-11-14 18:56:00'),
(3, 'Motel', 'Motel', '2018-11-14 18:57:17', '2018-11-14 18:57:17'),
(5, 'Bed & Breakfast', 'Bed & Breakfast', '2018-11-14 18:59:09', '2018-11-14 18:59:09'),
(6, 'RV Parks', 'RV Parks', '2018-11-14 18:59:23', '2018-11-14 18:59:23'),
(7, 'Compgrounds', 'Compgrounds', '2018-11-14 18:59:39', '2018-11-14 18:59:39'),
(8, 'Eateries', 'Eateries', '2018-11-14 19:00:04', '2018-11-14 19:00:04'),
(9, 'Family Dining', 'Family Dining', '2018-11-14 19:00:17', '2018-11-14 19:00:17'),
(10, 'Café & Tea Shop', 'Café & Tea Shop', '2018-11-14 19:00:31', '2018-11-14 19:00:31'),
(12, 'Fast Food', 'Fast Food', '2018-11-14 19:00:44', '2018-11-14 19:00:44'),
(13, 'Groceries & Snacks', 'Groceries & Snacks', '2018-11-14 19:00:49', '2018-11-14 19:00:49'),
(14, 'Community Services', 'Community Services', '2018-11-16 07:10:34', '2018-11-16 07:10:34'),
(15, 'Farm/Ranch', 'Farm/Ranch', '2018-11-29 07:18:34', '2018-11-29 07:18:34'),
(16, 'Accommodations', 'Accommodations', '2018-12-11 11:04:51', '2018-12-11 11:04:51'),
(17, 'Accounting/Bookkeeping', 'Accounting/Bookkeeping', '2018-12-11 11:05:45', '2018-12-11 11:05:45'),
(18, 'Airbrush Artist', 'Airbrush Artist', '2018-12-11 11:06:15', '2018-12-11 11:06:15'),
(19, 'Antiques', 'Antiques', '2018-12-11 11:07:28', '2018-12-11 11:07:28'),
(20, 'Art & Artists', 'Art & Artists', '2018-12-11 11:08:48', '2018-12-11 11:08:48'),
(21, 'Appraisers', 'Appraisers', '2018-12-11 11:09:19', '2018-12-11 11:09:19'),
(22, 'Hall & Facility Rentals', 'Hall & Facility Rentals', '2018-12-11 12:05:12', '2018-12-11 12:05:12'),
(23, 'Conference & Meeting Rooms', 'Conference & Meeting Rooms', '2018-12-11 12:07:40', '2018-12-11 12:07:40'),
(24, 'Denturist', 'Denturist', '2018-12-18 10:18:52', '2018-12-18 10:18:52'),
(25, 'Gift Shop', 'Gift Shop', '2018-12-21 11:21:46', '2018-12-21 11:21:46'),
(26, 'Golf Courses', 'Golf Courses', '2019-01-01 07:15:49', '2019-01-01 07:15:49'),
(27, 'Automotive Dealers New & Used', 'Automotive Dealers New & Used', '2019-01-01 07:17:23', '2019-01-01 07:17:23'),
(28, 'Automotive Body Repair', 'Automotive Body Repair', '2019-01-01 07:17:58', '2019-01-01 07:17:58'),
(29, 'Automotive Detailing', 'Automotive Detailing', '2019-01-01 07:19:00', '2019-01-01 07:19:00'),
(30, 'Automotive Parts & Supplies', 'Automotive Parts & Supplies', '2019-01-01 07:19:37', '2019-01-01 07:19:37'),
(31, 'Automotive Service & Tires', 'Automotive Service & Tires', '2019-01-01 07:20:10', '2019-01-01 07:20:10'),
(32, 'Barber Shops', 'Barber Shops', '2019-01-01 07:20:37', '2019-01-01 07:20:37'),
(33, 'Blinds/Window Coverings', 'Blinds/Window Coverings', '2019-01-01 07:21:10', '2019-01-01 07:21:10'),
(34, 'Cabinetry/Cabinet Makers', 'Cabinetry/Cabinet Makers', '2019-01-01 07:23:20', '2019-01-01 07:23:20'),
(35, 'Campgrounds', 'Campgrounds', '2019-01-01 07:24:03', '2019-01-01 07:24:03'),
(36, 'Camps', 'Camps', '2019-01-01 07:24:30', '2019-01-01 07:24:30'),
(37, 'Retreats', 'Retreats', '2019-01-01 07:24:52', '2019-01-01 07:24:52'),
(38, 'Car/Truck Wash', 'Car/Truck Wash', '2019-01-01 07:25:15', '2019-01-01 07:25:15'),
(39, 'Carpet Cleaning', 'Carpet Cleaning', '2019-01-01 07:25:45', '2019-01-01 07:25:45'),
(40, 'Catering', 'Catering', '2019-01-01 07:26:08', '2019-01-01 07:26:08'),
(41, 'Concrete', 'Concrete', '2019-01-07 11:45:49', '2019-01-07 11:45:49'),
(42, 'Cell Phone', 'Cell Phone', '2019-01-07 11:46:18', '2019-01-07 11:46:18'),
(43, 'Constituency Offices', 'Constituency Offices', '2019-01-07 11:51:32', '2019-01-07 11:51:32'),
(44, 'Chimney Sweeping', 'Chimney Sweeping', '2019-01-07 11:52:20', '2019-01-07 11:52:20'),
(45, 'Churches & Religious Groups', 'Churches & Religious Groups', '2019-01-07 11:53:20', '2019-01-07 11:53:20'),
(46, 'Clothing', 'Clothing', '2019-01-07 11:53:40', '2019-01-07 11:53:40'),
(47, 'Contractors (Building)', 'Contractors (Building)', '2019-01-07 11:54:37', '2019-01-07 11:54:37'),
(48, 'Contractors (Excavating)', 'Contractors (Excavating)', '2019-01-07 11:55:15', '2019-01-07 11:55:15'),
(49, 'Crematoriums', 'Crematoriums', '2019-01-07 11:56:03', '2019-01-07 11:56:03'),
(50, 'Dance Lessons', 'Dance Lessons', '2019-01-07 11:56:35', '2019-01-07 11:56:35'),
(51, 'Dental', 'Dental', '2019-01-07 11:56:59', '2019-01-07 11:56:59'),
(52, 'Dog Grooming', 'Dog Grooming', '2019-01-07 11:57:44', '2019-01-07 11:57:44'),
(53, 'Doors (Overhead)', 'Doors (Overhead)', '2019-01-07 11:58:04', '2019-01-07 11:58:04'),
(54, 'Eavestroughing', 'Eavestroughing', '2019-01-07 23:22:58', '2019-01-07 23:22:58'),
(55, 'Electrical Contractors', 'Electrical Contractors', '2019-01-07 23:23:35', '2019-01-07 23:23:35'),
(56, 'Electronics', 'Electronics', '2019-01-07 23:24:02', '2019-01-07 23:24:02'),
(57, 'Fencing', 'Fencing', '2019-01-07 23:24:32', '2019-01-07 23:24:32'),
(58, 'Fitness', 'Fitness', '2019-01-07 23:25:01', '2019-01-07 23:25:01'),
(59, 'Flooring/Carpet', 'Flooring/Carpet', '2019-01-07 23:25:49', '2019-01-07 23:25:49'),
(60, 'Florist', 'Florist', '2019-01-07 23:26:13', '2019-01-07 23:26:13'),
(61, 'Funeral Services/Memorials', 'Funeral Services/Memorials', '2019-01-07 23:26:53', '2019-01-07 23:26:53'),
(62, 'Furnace Cleaning', 'Furnace Cleaning', '2019-01-07 23:27:19', '2019-01-07 23:27:19'),
(63, 'Furniture', 'Furniture', '2019-01-07 23:27:39', '2019-01-07 23:27:39'),
(64, 'Gas/Oil/Lubricants', 'Gas/Oil/Lubricants', '2019-01-07 23:28:15', '2019-01-07 23:28:15'),
(65, 'Geothermal Heating', 'Geothermal Heating', '2019-01-07 23:28:45', '2019-01-07 23:28:45'),
(66, 'Gift Shops', 'Gift Shops', '2019-01-07 23:29:06', '2019-01-07 23:29:06'),
(67, 'Glass', 'Glass', '2019-01-07 23:29:28', '2019-01-07 23:29:28'),
(68, 'Government', 'Government', '2019-01-07 23:29:54', '2019-01-07 23:29:54'),
(69, 'Gravel, Rock & Sand', 'Gravel, Rock & Sand', '2019-01-07 23:30:31', '2019-01-07 23:30:31'),
(70, 'Grocery/Convenience Stores', 'Grocery/Convenience Stores', '2019-01-07 23:31:09', '2019-01-07 23:31:09'),
(71, 'Hair Salon', 'Hair Salon', '2019-01-07 23:31:37', '2019-01-07 23:31:37'),
(72, 'Hardware/Bld. Supplies', 'Hardware/Bld. Supplies', '2019-01-07 23:34:39', '2019-01-07 23:34:39'),
(73, 'Health Food Stores', 'Health Food Stores', '2019-01-07 23:36:04', '2019-01-07 23:36:04'),
(74, 'Health & Wellness', 'Health & Wellness', '2019-01-07 23:36:37', '2019-01-07 23:36:37'),
(75, 'Hearing Aids', 'Hearing Aids', '2019-01-07 23:36:56', '2019-01-07 23:36:56'),
(76, 'Heavy Equipment Repair', 'Heavy Equipment Repair', '2019-01-07 23:37:33', '2019-01-07 23:37:33'),
(77, 'Horticultural', 'Horticultural', '2019-01-07 23:38:05', '2019-01-07 23:38:05'),
(78, 'Insurance', 'Insurance', '2019-01-07 23:42:48', '2019-01-07 23:42:48'),
(79, 'Internet', 'Internet', '2019-01-07 23:43:13', '2019-01-07 23:43:13'),
(80, 'Janitorial Supplies', 'Janitorial Supplies', '2019-01-07 23:43:42', '2019-01-07 23:43:42'),
(81, 'Lawyers', 'Lawyers', '2019-01-07 23:44:07', '2019-01-07 23:44:07'),
(82, 'Licenses/Registries', 'Licenses/Registries', '2019-01-07 23:45:43', '2019-01-07 23:45:43'),
(83, 'Liquor Stores', 'Liquor Stores', '2019-01-07 23:46:55', '2019-01-07 23:46:55'),
(84, 'Locksmith', 'Locksmith', '2019-01-07 23:47:20', '2019-01-07 23:47:20'),
(85, 'Logging/Lumber', 'Logging/Lumber', '2019-01-07 23:47:55', '2019-01-07 23:47:55'),
(86, 'Massage Therapy', 'Massage Therapy', '2019-01-07 23:48:35', '2019-01-07 23:48:35'),
(87, 'Meat Markets', 'Meat Markets', '2019-01-07 23:50:01', '2019-01-07 23:50:01'),
(88, 'Memorials', 'Memorials', '2019-01-07 23:50:32', '2019-01-07 23:50:32'),
(89, 'Motor Sports', 'Motor Sports', '2019-01-07 23:50:58', '2019-01-07 23:50:58'),
(90, 'Museum/Historical Sites', 'Museum/Historical Sites', '2019-01-07 23:53:34', '2019-01-07 23:53:34'),
(91, 'Music Lessons', 'Music Lessons', '2019-01-07 23:54:30', '2019-01-07 23:54:30'),
(92, 'Oilfield', 'Oilfield', '2019-01-07 23:56:38', '2019-01-07 23:56:38'),
(93, 'Optometrist', 'Optometrist', '2019-01-07 23:58:33', '2019-01-07 23:58:33'),
(94, 'Orthotics', 'Orthotics', '2019-01-07 23:59:08', '2019-01-07 23:59:08'),
(95, 'Outdoor Equipment', 'Outdoor Equipment', '2019-01-07 23:59:40', '2019-01-07 23:59:40'),
(96, 'Painting', 'Painting', '2019-01-07 23:59:59', '2019-01-07 23:59:59'),
(97, 'Party Rentals', 'Party Rentals', '2019-01-08 00:00:28', '2019-01-08 00:00:28'),
(98, 'Pet Services', 'Pet Services', '2019-01-08 00:01:06', '2019-01-08 00:01:06'),
(99, 'Pharmacies', 'Pharmacies', '2019-01-08 00:01:37', '2019-01-08 00:01:37'),
(100, 'Photographers', 'Photographers', '2019-01-08 00:02:04', '2019-01-08 00:02:04'),
(101, 'Plumbing/Heating', 'Plumbing/Heating', '2019-01-08 00:02:39', '2019-01-08 00:02:39'),
(102, 'Quilting', 'Quilting', '2019-01-08 00:03:08', '2019-01-08 00:03:08'),
(103, 'Radio Stations', 'Radio Stations', '2019-01-08 00:06:22', '2019-01-08 00:06:22'),
(104, 'Real Estate', 'Real Estate', '2019-01-08 00:06:45', '2019-01-08 00:06:45'),
(105, 'Reacreation', 'Reacreation', '2019-01-08 00:07:14', '2019-01-08 00:07:14'),
(106, 'Renovation', 'Renovation', '2019-01-08 00:07:46', '2019-01-08 00:07:46'),
(107, 'Rentals', 'Rentals', '2019-01-08 00:08:07', '2019-01-08 00:08:07'),
(108, 'Roofing/Siding', 'Roofing/Siding', '2019-01-08 00:08:39', '2019-01-08 00:08:39'),
(109, 'Restaurants', 'Restaurants', '2019-01-08 00:09:24', '2019-01-08 00:09:24'),
(110, 'Spa', 'Spa', '2019-01-08 00:10:14', '2019-01-08 00:10:14'),
(111, 'Safety Supplies', 'Safety Supplies', '2019-01-08 00:11:28', '2019-01-08 00:11:28'),
(112, 'Satellite Services', 'Satellite Services', '2019-01-08 00:12:05', '2019-01-08 00:12:05'),
(113, 'Scrap Metal', 'Scrap Metal', '2019-01-08 00:16:13', '2019-01-08 00:16:13'),
(114, 'Security Services', 'Security Services', '2019-01-08 00:16:48', '2019-01-08 00:16:48'),
(115, 'Septic Services', 'Septic Services', '2019-01-08 00:17:15', '2019-01-08 00:17:15'),
(116, 'Signs', 'Signs', '2019-01-08 00:17:32', '2019-01-08 00:17:32'),
(117, 'Smoke Shops', 'Smoke Shops', '2019-01-08 00:18:01', '2019-01-08 00:18:01'),
(118, 'Snow Removal', 'Snow Removal', '2019-01-08 00:18:32', '2019-01-08 00:18:32'),
(119, 'Sporting Goods', 'Sporting Goods', '2019-01-08 00:19:41', '2019-01-08 00:19:41'),
(120, 'Storage', 'Storage', '2019-01-08 00:20:06', '2019-01-08 00:20:06'),
(121, 'Surveyors', 'Surveyors', '2019-01-08 00:20:39', '2019-01-08 00:20:39'),
(122, 'Swimming Pool - Public', 'Swimming Pool - Public', '2019-01-08 00:21:07', '2019-01-08 00:21:07'),
(123, 'Tanning Salons', 'Tanning Salons', '2019-01-08 00:22:44', '2019-01-08 00:22:44'),
(124, 'Taxi Service', 'Taxi Service', '2019-01-08 00:26:11', '2019-01-08 00:26:11'),
(125, 'Thrift Stores', 'Thrift Stores', '2019-01-08 00:26:58', '2019-01-08 00:26:58'),
(126, 'Towing', 'Towing', '2019-01-08 00:27:16', '2019-01-08 00:27:16'),
(127, 'Trail Rides', 'Trail Rides', '2019-01-08 00:27:35', '2019-01-08 00:27:35'),
(128, 'Travel', 'Travel', '2019-01-08 00:27:52', '2019-01-08 00:27:52'),
(129, 'Tree Services', 'Tree Services', '2019-01-08 00:28:14', '2019-01-08 00:28:14'),
(130, 'Truck Parts & Services', 'Truck Parts & Services', '2019-01-08 00:28:47', '2019-01-08 00:28:47'),
(131, 'Truck Sales', 'Truck Sales', '2019-01-08 00:29:36', '2019-01-08 00:29:36'),
(132, 'Trucking', 'Trucking', '2019-01-08 00:29:58', '2019-01-08 00:29:58'),
(133, 'Upholstery', 'Upholstery', '2019-01-08 00:30:28', '2019-01-08 00:30:28'),
(134, 'Utilities', 'Utilities', '2019-01-08 00:30:50', '2019-01-08 00:30:50'),
(135, 'Veterinarians', 'Veterinarians', '2019-01-08 00:31:27', '2019-01-08 00:31:27'),
(136, 'Water-Bottled', 'Water-Bottled', '2019-01-08 00:32:15', '2019-01-08 00:32:15'),
(137, 'Water Conditioning', 'Water Conditioning', '2019-01-08 00:32:55', '2019-01-08 00:32:55'),
(138, 'Water Wells', 'Water Wells', '2019-01-08 00:33:15', '2019-01-08 00:33:15'),
(139, 'Welding', 'Welding', '2019-01-08 00:33:51', '2019-01-08 00:33:51'),
(140, 'Machining', 'Machining', '2019-01-08 00:34:07', '2019-01-08 00:34:07'),
(141, 'Advertising', 'Advertising', '2019-02-26 00:11:15', '2019-02-26 00:11:15'),
(142, 'Home Decor', 'Home Decor', '2019-03-05 04:58:44', '2019-03-05 04:58:44'),
(143, 'Mattresses', 'Mattresses', '2019-03-05 04:59:20', '2019-03-05 04:59:20');

-- --------------------------------------------------------

--
-- Table structure for table `contacts`
--

CREATE TABLE `contacts` (
  `id` int(10) UNSIGNED NOT NULL,
  `name` varchar(191) COLLATE utf8mb4_unicode_ci NOT NULL,
  `email` varchar(191) COLLATE utf8mb4_unicode_ci NOT NULL,
  `msg` varchar(191) COLLATE utf8mb4_unicode_ci NOT NULL,
  `created_at` timestamp NULL DEFAULT NULL,
  `updated_at` timestamp NULL DEFAULT NULL
) ENGINE=InnoDB DEFAULT CHARSET=utf8mb4 COLLATE=utf8mb4_unicode_ci;

--
-- Dumping data for table `contacts`
--

INSERT INTO `contacts` (`id`, `name`, `email`, `msg`, `created_at`, `updated_at`) VALUES
(1, 'ads', 'df@da.com', 'adfs', '2018-11-16 06:57:35', '2018-11-16 06:57:35'),
(2, 'Wang', 'king@king.com', 'This is test message', '2018-11-16 07:13:44', '2018-11-16 07:13:44');

-- --------------------------------------------------------

--
-- Table structure for table `directory`
--

CREATE TABLE `directory` (
  `id` int(10) UNSIGNED NOT NULL,
  `title` varchar(191) COLLATE utf8mb4_unicode_ci NOT NULL,
  `desc` varchar(191) COLLATE utf8mb4_unicode_ci NOT NULL,
  `pid` varchar(191) COLLATE utf8mb4_unicode_ci NOT NULL,
  `dirkey` varchar(191) COLLATE utf8mb4_unicode_ci NOT NULL,
  `level` varchar(191) COLLATE utf8mb4_unicode_ci NOT NULL,
  `img` varchar(191) COLLATE utf8mb4_unicode_ci DEFAULT NULL,
  `created_at` timestamp NULL DEFAULT NULL,
  `updated_at` timestamp NULL DEFAULT NULL
) ENGINE=InnoDB DEFAULT CHARSET=utf8mb4 COLLATE=utf8mb4_unicode_ci;

--
-- Dumping data for table `directory`
--

INSERT INTO `directory` (`id`, `title`, `desc`, `pid`, `dirkey`, `level`, `img`, `created_at`, `updated_at`) VALUES
(2, 'Book 2', 'Click here for: Olds, Sundre, Caroline, Spruce View & Surrounding Areas', '0', '000002', '1', 'uploads/book/Olds Sundre Cover only pdf.JPG', '2018-11-15 00:26:53', '2018-11-15 00:26:53'),
(3, 'Book 1', 'Click here for: Rimbey, Bentley, Gull Lake, Buck Lake , Alder Flats ,  Winfield & Surrounding Areas', '0', '000003', '1', 'uploads/book/Cover 2018 Snap Shot.JPG', '2018-11-15 12:59:26', '2018-11-15 12:59:26');

-- --------------------------------------------------------

--
-- Table structure for table `events`
--

CREATE TABLE `events` (
  `id` int(10) UNSIGNED NOT NULL,
  `name` varchar(191) COLLATE utf8mb4_unicode_ci NOT NULL,
  `desc` varchar(191) COLLATE utf8mb4_unicode_ci NOT NULL,
  `event_date` varchar(191) COLLATE utf8mb4_unicode_ci DEFAULT NULL,
  `venue_details` varchar(191) COLLATE utf8mb4_unicode_ci DEFAULT NULL,
  `website` varchar(191) COLLATE utf8mb4_unicode_ci DEFAULT NULL,
  `ticket_cost` varchar(191) COLLATE utf8mb4_unicode_ci DEFAULT NULL,
  `image` varchar(191) COLLATE utf8mb4_unicode_ci DEFAULT NULL,
  `created_at` timestamp NULL DEFAULT NULL,
  `updated_at` timestamp NULL DEFAULT NULL
) ENGINE=InnoDB DEFAULT CHARSET=utf8mb4 COLLATE=utf8mb4_unicode_ci;

-- --------------------------------------------------------

--
-- Table structure for table `hours`
--

CREATE TABLE `hours` (
  `id` int(10) UNSIGNED NOT NULL,
  `start_time` varchar(191) COLLATE utf8mb4_unicode_ci NOT NULL,
  `end_time` varchar(191) COLLATE utf8mb4_unicode_ci NOT NULL,
  `week_of_day` varchar(191) COLLATE utf8mb4_unicode_ci NOT NULL,
  `created_at` timestamp NULL DEFAULT NULL,
  `updated_at` timestamp NULL DEFAULT NULL
) ENGINE=InnoDB DEFAULT CHARSET=utf8mb4 COLLATE=utf8mb4_unicode_ci;

--
-- Dumping data for table `hours`
--

INSERT INTO `hours` (`id`, `start_time`, `end_time`, `week_of_day`, `created_at`, `updated_at`) VALUES
(11, '00:12', '15:04', '3', '2018-11-16 08:31:20', '2018-11-16 08:31:20'),
(13, '08:00', '17:00', '2', '2018-11-16 08:39:52', '2018-11-16 08:39:52'),
(14, '09:00', '18:00', '3', '2018-11-16 08:40:11', '2018-11-16 08:40:11'),
(15, '08:00', '15:00', '4', '2018-11-16 08:40:30', '2018-11-16 08:40:30'),
(16, '02:00', '23:00', '7', '2018-11-16 08:41:00', '2018-11-16 08:41:00');

-- --------------------------------------------------------

--
-- Table structure for table `migrations`
--

CREATE TABLE `migrations` (
  `id` int(10) UNSIGNED NOT NULL,
  `migration` varchar(191) COLLATE utf8mb4_unicode_ci NOT NULL,
  `batch` int(11) NOT NULL
) ENGINE=InnoDB DEFAULT CHARSET=utf8mb4 COLLATE=utf8mb4_unicode_ci;

--
-- Dumping data for table `migrations`
--

INSERT INTO `migrations` (`id`, `migration`, `batch`) VALUES
(1, '2014_10_12_000000_create_users_table', 1),
(2, '2014_10_12_100000_create_password_resets_table', 1),
(4, '2014_10_12_000000_create_dir_table', 2),
(7, '2018_11_14_155318_create_directories_table', 4),
(11, '2014_10_12_000000_create_business_table', 5),
(12, '2014_10_12_000000_create_category_table', 6),
(13, '2018_11_15_085250_create_contacts_table', 7),
(17, '2018_11_15_203949_create_business_categories_table', 9),
(18, '2018_11_16_160043_create_hours_table', 10),
(19, '2018_11_16_165610_create_business_hours_table', 11),
(20, '2018_11_15_141153_create_events_table', 12),
(21, '2018_11_28_043011_create_business_bookmarks_table', 13),
(22, '2018_12_03_135338_create_settings_table', 14),
(23, '2019_03_06_065544_business_images', 14),
(24, '2019_03_07_082042_create_business_rate_table', 14),
(25, '2019_03_08_193117_create_advertise_table', 14),
(26, '2019_03_11_071520_create_posts_table', 14);

-- --------------------------------------------------------

--
-- Table structure for table `password_resets`
--

CREATE TABLE `password_resets` (
  `email` varchar(191) COLLATE utf8mb4_unicode_ci NOT NULL,
  `token` varchar(191) COLLATE utf8mb4_unicode_ci NOT NULL,
  `created_at` timestamp NULL DEFAULT NULL
) ENGINE=InnoDB DEFAULT CHARSET=utf8mb4 COLLATE=utf8mb4_unicode_ci;

-- --------------------------------------------------------

--
-- Table structure for table `posts`
--

CREATE TABLE `posts` (
  `id` int(10) UNSIGNED NOT NULL,
  `title` text COLLATE utf8mb4_unicode_ci NOT NULL,
  `slug` text COLLATE utf8mb4_unicode_ci NOT NULL,
  `content` text COLLATE utf8mb4_unicode_ci NOT NULL,
  `created_at` timestamp NULL DEFAULT NULL,
  `updated_at` timestamp NULL DEFAULT NULL
) ENGINE=InnoDB DEFAULT CHARSET=utf8mb4 COLLATE=utf8mb4_unicode_ci;

-- --------------------------------------------------------

--
-- Table structure for table `settings`
--

CREATE TABLE `settings` (
  `id` int(10) UNSIGNED NOT NULL,
  `phone` varchar(191) COLLATE utf8mb4_unicode_ci NOT NULL,
  `email1` varchar(191) COLLATE utf8mb4_unicode_ci NOT NULL,
  `email2` varchar(191) COLLATE utf8mb4_unicode_ci NOT NULL,
  `created_at` timestamp NULL DEFAULT NULL,
  `updated_at` timestamp NULL DEFAULT NULL
) ENGINE=InnoDB DEFAULT CHARSET=utf8mb4 COLLATE=utf8mb4_unicode_ci;

--
-- Dumping data for table `settings`
--

INSERT INTO `settings` (`id`, `phone`, `email1`, `email2`, `created_at`, `updated_at`) VALUES
(1, '170212312312', 'king@outlook.com', 'king@outlook.com', NULL, NULL);

-- --------------------------------------------------------

--
-- Table structure for table `users`
--

CREATE TABLE `users` (
  `id` int(10) UNSIGNED NOT NULL,
  `name` varchar(191) COLLATE utf8mb4_unicode_ci NOT NULL,
  `email` varchar(191) COLLATE utf8mb4_unicode_ci NOT NULL,
  `email_verified_at` timestamp NULL DEFAULT NULL,
  `password` varchar(191) COLLATE utf8mb4_unicode_ci NOT NULL,
  `remember_token` varchar(100) COLLATE utf8mb4_unicode_ci DEFAULT NULL,
  `created_at` timestamp NOT NULL DEFAULT '0000-00-00 00:00:00',
  `updated_at` timestamp NULL DEFAULT NULL,
  `role` int(1) NOT NULL
) ENGINE=InnoDB DEFAULT CHARSET=utf8mb4 COLLATE=utf8mb4_unicode_ci;

--
-- Dumping data for table `users`
--

INSERT INTO `users` (`id`, `name`, `email`, `email_verified_at`, `password`, `remember_token`, `created_at`, `updated_at`, `role`) VALUES
(1, 'wang', 'kingstarboy@outlook.com', '2018-11-07 16:00:00', '123', '123', '2018-11-12 16:00:00', '2018-11-13 16:00:00', 1),
(11, 'Super Admin', 'admin@admin.com', NULL, 'admin', NULL, '2018-11-14 13:51:58', NULL, 1),
(13, 'Wang', 'Wang@wang.com', NULL, 'asd', NULL, '2018-11-14 13:51:58', NULL, 3),
(14, 'Sokerrererere', 'sss@sss.com', NULL, 'ass', NULL, '2018-11-14 06:00:05', '2018-11-14 06:00:05', 3),
(16, 'JinChongIl', 'chong@chong.com', NULL, 'aaa', NULL, '2018-11-14 06:01:53', '2018-11-14 06:01:53', 2),
(18, 'Mary Rose Barr', 'maryroseb@telus.net', NULL, 'wilbar5', NULL, '2019-01-01 05:21:40', '2019-01-01 05:21:40', 1);

--
-- Indexes for dumped tables
--

--
-- Indexes for table `advertise`
--
ALTER TABLE `advertise`
  ADD PRIMARY KEY (`id`);

--
-- Indexes for table `business`
--
ALTER TABLE `business`
  ADD PRIMARY KEY (`id`);

--
-- Indexes for table `business_bookmarks`
--
ALTER TABLE `business_bookmarks`
  ADD PRIMARY KEY (`id`);

--
-- Indexes for table `business_categories`
--
ALTER TABLE `business_categories`
  ADD PRIMARY KEY (`id`);

--
-- Indexes for table `business_hours`
--
ALTER TABLE `business_hours`
  ADD PRIMARY KEY (`id`);

--
-- Indexes for table `business_images`
--
ALTER TABLE `business_images`
  ADD PRIMARY KEY (`id`);

--
-- Indexes for table `business_rate`
--
ALTER TABLE `business_rate`
  ADD PRIMARY KEY (`id`);

--
-- Indexes for table `category`
--
ALTER TABLE `category`
  ADD PRIMARY KEY (`id`),
  ADD UNIQUE KEY `category_desc_unique` (`desc`);

--
-- Indexes for table `contacts`
--
ALTER TABLE `contacts`
  ADD PRIMARY KEY (`id`);

--
-- Indexes for table `directory`
--
ALTER TABLE `directory`
  ADD PRIMARY KEY (`id`),
  ADD UNIQUE KEY `directory_dirkey_unique` (`dirkey`);

--
-- Indexes for table `events`
--
ALTER TABLE `events`
  ADD PRIMARY KEY (`id`);

--
-- Indexes for table `hours`
--
ALTER TABLE `hours`
  ADD PRIMARY KEY (`id`);

--
-- Indexes for table `migrations`
--
ALTER TABLE `migrations`
  ADD PRIMARY KEY (`id`);

--
-- Indexes for table `password_resets`
--
ALTER TABLE `password_resets`
  ADD KEY `password_resets_email_index` (`email`);

--
-- Indexes for table `posts`
--
ALTER TABLE `posts`
  ADD PRIMARY KEY (`id`);

--
-- Indexes for table `settings`
--
ALTER TABLE `settings`
  ADD PRIMARY KEY (`id`);

--
-- Indexes for table `users`
--
ALTER TABLE `users`
  ADD PRIMARY KEY (`id`),
  ADD UNIQUE KEY `users_email_unique` (`email`);

--
-- AUTO_INCREMENT for dumped tables
--

--
-- AUTO_INCREMENT for table `advertise`
--
ALTER TABLE `advertise`
  MODIFY `id` int(10) UNSIGNED NOT NULL AUTO_INCREMENT;

--
-- AUTO_INCREMENT for table `business`
--
ALTER TABLE `business`
  MODIFY `id` int(10) UNSIGNED NOT NULL AUTO_INCREMENT, AUTO_INCREMENT=87;

--
-- AUTO_INCREMENT for table `business_bookmarks`
--
ALTER TABLE `business_bookmarks`
  MODIFY `id` int(10) UNSIGNED NOT NULL AUTO_INCREMENT;

--
-- AUTO_INCREMENT for table `business_categories`
--
ALTER TABLE `business_categories`
  MODIFY `id` int(10) UNSIGNED NOT NULL AUTO_INCREMENT, AUTO_INCREMENT=911;

--
-- AUTO_INCREMENT for table `business_hours`
--
ALTER TABLE `business_hours`
  MODIFY `id` int(10) UNSIGNED NOT NULL AUTO_INCREMENT, AUTO_INCREMENT=668;

--
-- AUTO_INCREMENT for table `business_images`
--
ALTER TABLE `business_images`
  MODIFY `id` int(10) UNSIGNED NOT NULL AUTO_INCREMENT;

--
-- AUTO_INCREMENT for table `business_rate`
--
ALTER TABLE `business_rate`
  MODIFY `id` int(10) UNSIGNED NOT NULL AUTO_INCREMENT;

--
-- AUTO_INCREMENT for table `category`
--
ALTER TABLE `category`
  MODIFY `id` int(10) UNSIGNED NOT NULL AUTO_INCREMENT, AUTO_INCREMENT=144;

--
-- AUTO_INCREMENT for table `contacts`
--
ALTER TABLE `contacts`
  MODIFY `id` int(10) UNSIGNED NOT NULL AUTO_INCREMENT, AUTO_INCREMENT=3;

--
-- AUTO_INCREMENT for table `directory`
--
ALTER TABLE `directory`
  MODIFY `id` int(10) UNSIGNED NOT NULL AUTO_INCREMENT, AUTO_INCREMENT=4;

--
-- AUTO_INCREMENT for table `events`
--
ALTER TABLE `events`
  MODIFY `id` int(10) UNSIGNED NOT NULL AUTO_INCREMENT;

--
-- AUTO_INCREMENT for table `hours`
--
ALTER TABLE `hours`
  MODIFY `id` int(10) UNSIGNED NOT NULL AUTO_INCREMENT, AUTO_INCREMENT=17;

--
-- AUTO_INCREMENT for table `migrations`
--
ALTER TABLE `migrations`
  MODIFY `id` int(10) UNSIGNED NOT NULL AUTO_INCREMENT, AUTO_INCREMENT=27;

--
-- AUTO_INCREMENT for table `posts`
--
ALTER TABLE `posts`
  MODIFY `id` int(10) UNSIGNED NOT NULL AUTO_INCREMENT;

--
-- AUTO_INCREMENT for table `settings`
--
ALTER TABLE `settings`
  MODIFY `id` int(10) UNSIGNED NOT NULL AUTO_INCREMENT, AUTO_INCREMENT=2;

--
-- AUTO_INCREMENT for table `users`
--
ALTER TABLE `users`
  MODIFY `id` int(10) UNSIGNED NOT NULL AUTO_INCREMENT, AUTO_INCREMENT=19;
COMMIT;

/*!40101 SET CHARACTER_SET_CLIENT=@OLD_CHARACTER_SET_CLIENT */;
/*!40101 SET CHARACTER_SET_RESULTS=@OLD_CHARACTER_SET_RESULTS */;
/*!40101 SET COLLATION_CONNECTION=@OLD_COLLATION_CONNECTION */;
